,gender,SeniorCitizen,Dependents,tenure
0,1,0,0,1
1,0,0,0,34
2,0,0,0,2
3,0,0,0,45
4,1,0,0,2
5,1,0,0,8
6,0,0,1,22
7,1,0,0,10
8,1,0,0,28
9,0,0,1,62
10,0,0,1,13
11,0,0,0,16
12,0,0,0,58
13,0,0,0,49
14,0,0,0,25
15,1,0,1,69
16,1,0,0,52
17,0,0,1,71
18,1,0,1,10
19,1,0,0,21
20,0,1,0,1
21,0,0,0,12
22,0,0,0,1
23,1,0,0,58
24,0,0,1,49
25,1,0,0,30
26,0,0,1,47
27,0,0,1,1
28,0,0,0,72
29,1,0,1,17
30,1,1,0,71
31,0,1,0,2
32,1,0,1,27
33,0,0,0,1
34,0,1,0,1
35,1,0,1,72
36,0,0,0,5
37,1,0,0,46
38,0,0,0,34
39,1,0,0,11
40,0,0,1,10
41,1,0,1,70
42,1,0,1,17
43,1,0,0,63
44,1,0,0,13
45,1,0,0,49
46,0,0,0,2
47,1,0,0,2
48,0,0,0,52
49,1,0,1,69
50,1,1,0,43
51,1,0,0,15
52,1,1,0,25
53,1,1,0,8
54,1,1,1,60
55,0,1,0,18
56,1,0,1,63
57,0,1,1,66
58,1,0,1,34
59,1,0,0,72
60,1,0,0,47
61,0,0,0,60
62,0,0,0,72
63,1,0,1,18
64,1,0,0,9
65,1,0,0,3
66,0,0,0,47
67,1,0,0,31
68,1,0,1,50
69,0,0,0,10
70,0,0,0,1
71,1,0,1,52
72,0,1,1,64
73,0,0,1,62
74,1,0,1,3
75,1,1,0,56
76,1,0,0,46
77,1,0,1,8
78,0,1,0,30
79,1,0,1,45
80,1,0,1,1
81,1,0,1,11
82,1,0,0,7
83,1,0,0,42
84,1,0,0,49
85,0,0,0,9
86,1,0,0,35
87,1,0,1,48
88,1,0,1,46
89,0,0,0,29
90,0,0,1,30
91,0,1,0,1
92,0,0,1,66
93,1,0,0,65
94,0,0,0,72
95,1,0,0,12
96,0,0,1,71
97,0,0,0,5
98,0,0,0,52
99,1,1,0,25
100,0,0,0,1
101,1,0,1,1
102,0,0,0,38
103,1,1,0,66
104,0,0,0,68
105,0,0,0,5
106,1,0,1,72
107,1,0,0,32
108,0,0,0,43
109,0,0,1,72
110,0,0,0,55
111,1,0,0,52
112,1,0,0,43
113,1,1,0,37
114,1,0,1,64
115,0,0,1,3
116,1,0,0,36
117,1,0,1,10
118,1,0,0,41
119,0,0,1,27
120,1,0,1,56
121,1,0,0,6
122,0,0,0,3
123,1,0,1,7
124,1,0,1,4
125,0,0,0,33
126,1,1,0,27
127,0,0,0,72
128,0,0,0,1
129,0,1,0,71
130,1,0,0,13
131,1,0,1,25
132,0,0,0,67
133,0,0,0,1
134,0,0,0,2
135,1,0,0,43
136,1,0,0,23
137,1,0,1,64
138,0,0,1,57
139,1,1,0,1
140,1,1,1,72
141,1,0,0,8
142,1,0,0,61
143,0,0,0,64
144,0,1,0,71
145,1,0,1,65
146,0,0,0,3
147,0,0,0,1
148,0,0,1,30
149,0,0,1,15
150,1,0,1,8
151,0,0,0,7
152,1,0,1,70
153,0,0,1,62
154,1,0,1,6
155,1,0,1,14
156,1,0,0,22
157,0,0,1,22
158,0,0,1,16
159,0,0,0,10
160,1,0,1,13
161,1,0,0,20
162,1,0,0,2
163,0,0,0,53
164,1,0,1,11
165,0,0,0,69
166,1,0,0,4
167,0,0,0,72
168,0,1,0,58
169,1,0,1,16
170,0,0,0,43
171,1,0,0,2
172,0,0,0,14
173,1,0,0,53
174,1,0,0,32
175,1,0,0,34
176,1,1,0,15
177,1,1,0,7
178,1,0,1,15
179,0,0,0,61
180,1,0,0,1
181,1,0,0,1
182,0,0,0,8
183,0,0,1,33
184,1,0,0,13
185,1,0,0,1
186,0,0,0,20
187,0,0,0,3
188,1,0,0,13
189,1,0,0,40
190,0,0,1,43
191,0,0,0,6
192,1,0,1,69
193,1,0,1,72
194,0,0,1,59
195,1,0,0,20
196,0,0,1,24
197,0,0,0,59
198,0,0,1,72
199,0,0,1,1
200,1,0,0,27
201,1,0,0,14
202,0,0,1,71
203,0,0,1,13
204,0,0,0,44
205,1,0,0,33
206,0,0,1,72
207,0,0,0,1
208,1,0,0,19
209,0,0,0,64
210,0,0,0,2
211,1,0,0,1
212,0,0,1,61
213,1,0,1,29
214,0,1,0,23
215,1,0,0,57
216,0,0,1,72
217,0,0,0,66
218,0,0,1,65
219,1,0,0,8
220,1,0,0,4
221,1,0,0,71
222,0,0,1,1
223,0,0,0,4
224,1,0,0,12
225,0,0,0,24
226,1,0,1,31
227,1,0,0,1
228,0,0,0,30
229,1,0,1,47
230,0,0,0,54
231,0,0,0,50
232,0,0,0,1
233,1,0,0,72
234,1,0,0,29
235,0,0,0,2
236,1,0,0,10
237,0,0,0,18
238,1,1,0,11
239,0,0,0,16
240,1,0,0,72
241,0,0,0,72
242,1,0,1,41
243,1,1,0,65
244,1,1,0,13
245,0,1,0,4
246,0,0,0,41
247,0,1,0,15
248,0,0,0,1
249,0,0,0,42
250,1,0,0,51
251,1,0,1,2
252,0,1,0,1
253,0,0,1,32
254,0,0,0,10
255,1,0,1,67
256,1,0,1,61
257,0,0,0,50
258,1,0,0,2
259,1,1,0,29
260,0,1,0,3
261,0,1,0,13
262,0,1,0,57
263,1,0,0,31
264,1,0,0,45
265,1,0,1,61
266,0,0,0,50
267,1,1,0,19
268,0,0,0,59
269,1,0,0,71
270,1,1,0,16
271,0,0,0,57
272,0,0,0,1
273,0,1,0,20
274,0,0,0,1
275,0,0,0,5
276,1,0,0,52
277,0,1,0,21
278,0,0,0,14
279,1,0,0,5
280,1,0,0,6
281,1,0,0,10
282,1,0,1,1
283,1,0,0,68
284,0,0,1,18
285,1,0,0,22
286,1,0,0,20
287,0,0,0,1
288,0,1,0,8
289,0,0,0,10
290,0,1,0,24
291,0,0,0,35
292,0,0,1,23
293,1,1,0,6
294,1,0,0,12
295,0,0,0,1
296,1,0,1,71
297,0,1,0,35
298,0,0,1,40
299,1,0,1,1
300,0,0,0,23
301,1,1,0,4
302,0,0,0,4
303,1,0,1,68
304,0,0,1,38
305,0,0,1,52
306,0,1,0,32
307,0,0,1,29
308,0,1,1,38
309,0,0,1,48
310,1,0,0,1
311,1,0,0,22
312,1,0,0,43
313,1,1,0,5
314,0,0,0,5
315,0,0,1,51
316,0,0,0,71
317,1,0,1,38
318,0,1,0,24
319,0,0,0,35
320,1,1,0,54
321,1,0,1,72
322,0,0,0,1
323,1,0,1,9
324,0,0,0,69
325,1,0,0,52
326,1,1,0,11
327,1,1,0,2
328,1,1,1,28
329,1,1,0,17
330,1,0,1,35
331,1,0,0,8
332,0,0,0,46
333,1,0,0,7
334,1,0,0,2
335,0,0,1,68
336,1,0,0,43
337,1,0,0,68
338,1,0,0,36
339,0,0,0,63
340,1,1,0,32
341,1,0,0,71
342,1,0,1,66
343,0,0,0,63
344,1,0,1,41
345,1,1,0,1
346,1,0,0,2
347,1,0,0,70
348,1,0,0,23
349,1,1,0,64
350,0,0,1,37
351,0,0,1,17
352,1,1,0,7
353,0,0,1,4
354,1,1,0,21
355,1,0,0,10
356,1,1,0,16
357,0,0,0,64
358,0,1,0,27
359,0,0,1,42
360,0,0,1,5
361,1,0,0,41
362,0,0,0,58
363,1,0,0,47
364,0,0,0,18
365,0,0,0,5
366,0,0,0,23
367,1,0,0,1
368,0,0,0,71
369,0,0,1,72
370,0,0,1,33
371,0,0,0,2
372,0,0,1,24
373,1,0,1,56
374,0,0,0,37
375,1,0,0,43
376,0,0,0,1
377,1,0,0,25
378,1,0,0,61
379,0,0,0,17
380,1,0,0,41
381,0,0,0,1
382,0,1,1,72
383,0,0,0,1
384,0,0,0,48
385,0,1,0,11
386,1,1,0,55
387,1,0,0,42
388,0,0,0,44
389,0,0,1,1
390,1,0,0,27
391,0,1,0,27
392,1,1,0,2
393,1,0,0,19
394,1,1,0,42
395,1,0,0,66
396,0,1,0,33
397,1,0,0,34
398,0,1,0,33
399,1,0,1,23
400,1,0,0,32
401,1,0,0,11
402,0,0,1,69
403,1,0,0,68
404,0,0,0,20
405,0,0,0,72
406,0,0,1,60
407,0,1,1,32
408,1,0,0,1
409,0,0,0,1
410,0,1,0,3
411,1,0,0,46
412,1,0,0,29
413,0,0,0,51
414,1,1,0,48
415,1,0,1,16
416,0,0,0,70
417,1,0,1,40
418,1,0,1,22
419,1,1,0,1
420,1,0,1,5
421,1,0,0,7
422,0,0,1,29
423,0,0,1,44
424,1,0,0,10
425,1,1,0,55
426,0,1,0,52
427,1,0,1,10
428,0,0,0,18
429,1,0,0,68
430,1,0,1,61
431,1,0,1,72
432,0,0,0,2
433,0,0,0,12
434,0,0,0,41
435,1,0,0,26
436,0,0,0,36
437,0,0,1,72
438,0,0,0,35
439,0,0,0,1
440,1,0,1,16
441,1,1,0,49
442,1,0,0,54
443,1,0,1,18
444,1,0,0,36
445,1,0,0,60
446,1,0,0,1
447,1,0,1,52
448,0,0,1,8
449,0,0,1,72
450,1,0,0,64
451,1,1,0,22
452,0,0,0,60
453,1,0,1,28
454,1,0,0,61
455,1,0,0,24
456,0,0,1,28
457,1,0,1,30
458,0,0,0,2
459,0,0,0,1
460,0,0,1,6
461,1,0,0,24
462,0,0,1,4
463,0,0,0,7
464,0,1,0,72
465,0,0,0,70
466,0,1,0,64
467,0,0,1,72
468,1,0,1,44
469,1,0,1,13
470,1,1,0,17
471,0,0,0,1
472,0,0,0,9
473,0,0,0,24
474,1,0,1,1
475,0,0,0,24
476,0,1,1,35
477,1,0,1,7
478,0,0,0,5
479,1,0,1,15
480,0,0,1,11
481,1,0,0,48
482,1,1,0,20
483,1,0,0,72
484,1,0,1,8
485,0,0,1,72
486,1,0,0,15
487,0,0,0,72
488,1,0,1,0
489,0,0,1,1
490,0,0,1,63
491,1,0,0,2
492,1,0,0,2
493,0,1,0,61
494,0,0,0,1
495,0,0,0,22
496,0,0,0,28
497,1,0,0,70
498,1,1,0,5
499,1,0,0,12
500,0,0,0,34
501,1,1,0,71
502,1,0,1,70
503,1,0,1,52
504,0,0,1,69
505,1,1,0,20
506,0,0,1,11
507,0,0,0,2
508,1,0,1,6
509,1,0,0,1
510,0,1,1,20
511,0,0,0,61
512,1,1,0,5
513,1,0,0,56
514,0,0,0,30
515,0,0,0,40
516,1,0,0,28
517,1,1,0,5
518,1,1,0,27
519,0,0,0,12
520,0,0,1,67
521,0,1,0,29
522,0,0,1,55
523,1,0,0,23
524,0,0,0,34
525,0,0,0,52
526,0,1,1,72
527,0,0,1,58
528,0,0,1,35
529,1,1,0,56
530,1,0,1,24
531,0,0,1,70
532,0,0,0,2
533,0,1,1,68
534,1,0,0,1
535,0,0,0,12
536,1,0,0,63
537,1,0,1,33
538,1,0,0,69
539,1,0,1,60
540,1,0,1,72
541,1,0,0,11
542,1,0,0,1
543,0,0,0,10
544,0,0,0,13
545,0,0,1,34
546,0,0,1,39
547,1,0,0,65
548,0,1,0,50
549,0,0,0,15
550,0,0,1,72
551,1,0,1,72
552,0,0,1,55
553,1,0,1,23
554,0,0,0,32
555,1,0,1,56
556,1,0,0,1
557,0,0,0,38
558,0,0,0,11
559,0,0,0,1
560,0,0,0,56
561,0,0,0,3
562,0,0,1,7
563,0,0,1,59
564,0,0,0,7
565,0,0,1,71
566,0,0,1,15
567,0,0,0,71
568,1,0,0,35
569,1,0,0,11
570,1,0,1,60
571,0,1,0,47
572,1,0,0,11
573,0,0,0,56
574,1,1,0,28
575,0,0,0,61
576,0,0,1,31
577,0,0,0,9
578,0,1,0,35
579,0,0,0,2
580,1,0,1,12
581,1,0,0,1
582,1,1,0,4
583,1,0,1,1
584,1,0,0,3
585,1,1,0,1
586,0,0,0,52
587,0,0,1,5
588,0,0,0,72
589,0,0,1,71
590,0,0,0,72
591,0,0,1,46
592,0,0,1,63
593,0,0,0,30
594,0,0,0,1
595,1,0,0,12
596,0,0,0,16
597,0,0,0,4
598,0,0,0,51
599,0,0,0,65
600,0,0,0,16
601,0,0,0,2
602,1,0,1,66
603,0,0,0,46
604,1,0,0,32
605,0,0,0,72
606,0,0,1,38
607,0,0,1,51
608,0,0,1,72
609,1,1,0,65
610,0,0,1,9
611,1,0,1,9
612,0,0,1,66
613,1,1,0,44
614,0,0,0,50
615,1,0,0,15
616,0,0,0,8
617,1,1,0,66
618,1,0,0,57
619,1,0,0,7
620,0,1,1,10
621,1,0,0,62
622,0,0,1,40
623,1,0,0,20
624,1,0,0,7
625,1,0,0,25
626,0,0,0,23
627,1,1,0,66
628,1,1,0,72
629,0,1,0,49
630,0,1,1,43
631,1,0,0,46
632,0,0,1,72
633,0,0,0,10
634,1,0,0,40
635,1,0,1,65
636,0,0,0,31
637,1,0,0,68
638,0,1,1,56
639,0,0,0,10
640,0,0,1,68
641,1,0,1,43
642,0,0,0,1
643,1,1,0,49
644,1,0,1,15
645,0,1,0,20
646,0,0,0,1
647,0,0,1,50
648,1,1,0,2
649,0,1,0,24
650,1,0,0,3
651,1,0,0,1
652,0,0,1,35
653,1,0,0,17
654,1,1,0,8
655,0,0,0,10
656,0,0,1,68
657,0,0,0,45
658,0,0,1,2
659,0,0,0,37
660,1,0,0,4
661,1,0,0,10
662,0,0,0,1
663,0,0,1,65
664,1,0,1,57
665,1,0,0,3
666,1,0,0,2
667,0,0,0,49
668,1,0,0,4
669,1,0,0,70
670,1,0,1,53
671,0,0,1,53
672,1,0,0,1
673,0,0,0,22
674,0,1,0,52
675,0,1,0,65
676,1,0,0,48
677,1,0,0,2
678,0,0,0,3
679,0,0,0,45
680,0,0,1,1
681,1,0,1,61
682,0,0,0,3
683,1,1,0,40
684,1,0,0,1
685,1,0,0,1
686,0,0,0,51
687,0,1,0,2
688,0,0,0,52
689,0,0,0,51
690,0,0,0,1
691,0,0,1,31
692,0,0,1,47
693,1,0,0,3
694,1,1,0,22
695,1,0,0,1
696,0,0,0,72
697,0,0,1,3
698,0,1,1,47
699,0,0,1,72
700,0,0,1,66
701,0,0,0,35
702,0,0,0,29
703,1,0,0,2
704,0,0,0,4
705,1,0,0,25
706,1,0,0,65
707,0,1,0,27
708,0,0,0,29
709,0,0,1,29
710,0,0,0,1
711,1,0,0,20
712,1,0,0,58
713,1,0,1,14
714,0,0,0,72
715,0,0,0,46
716,1,0,0,71
717,0,0,0,32
718,1,0,0,26
719,0,1,0,68
720,0,0,1,2
721,0,0,1,61
722,1,0,1,4
723,0,0,0,3
724,0,1,0,33
725,0,1,0,9
726,1,0,0,22
727,1,0,1,5
728,1,1,0,30
729,0,0,0,65
730,1,0,0,45
731,0,0,0,5
732,0,0,1,25
733,1,0,1,72
734,1,0,0,27
735,0,0,1,32
736,1,0,0,30
737,0,0,0,70
738,0,1,0,42
739,1,1,0,72
740,1,0,0,47
741,1,0,0,2
742,0,0,0,10
743,1,0,1,61
744,1,0,0,5
745,1,1,0,72
746,0,1,1,72
747,1,1,0,3
748,0,0,0,48
749,1,0,0,63
750,1,0,0,27
751,0,0,1,70
752,0,0,1,7
753,0,0,1,0
754,1,0,0,2
755,0,1,0,20
756,0,0,0,66
757,1,0,0,3
758,1,0,1,15
759,1,0,1,72
760,0,0,0,1
761,1,0,0,22
762,0,0,0,3
763,1,0,1,72
764,0,0,1,65
765,1,0,0,11
766,0,0,0,22
767,0,0,0,14
768,0,0,0,41
769,0,0,0,17
770,0,0,0,11
771,0,0,0,15
772,1,0,0,1
773,1,0,0,5
774,0,0,0,33
775,1,0,0,72
776,1,0,1,3
777,0,0,0,2
778,1,0,0,59
779,0,0,0,2
780,0,0,1,71
781,1,0,1,5
782,0,0,1,27
783,1,0,0,1
784,0,0,1,63
785,1,1,0,46
786,0,0,1,72
787,1,0,0,34
788,1,0,1,24
789,0,0,0,72
790,1,0,1,60
791,0,0,0,68
792,1,0,1,8
793,1,0,1,34
794,1,0,0,6
795,0,0,0,2
796,0,0,0,31
797,1,0,1,20
798,1,0,1,1
799,0,0,0,62
800,1,1,0,70
801,1,0,0,10
802,0,0,1,39
803,1,0,0,46
804,0,0,0,6
805,1,0,1,72
806,0,0,0,18
807,0,0,0,71
808,0,0,0,40
809,0,0,0,1
810,0,0,0,58
811,0,0,0,70
812,1,0,0,42
813,0,0,1,34
814,0,1,0,5
815,1,0,0,25
816,1,0,0,2
817,1,0,1,55
818,0,0,0,21
819,0,0,0,70
820,1,0,0,61
821,0,0,1,43
822,0,0,0,47
823,0,0,0,5
824,1,0,0,62
825,1,0,1,16
826,0,1,0,7
827,1,0,1,14
828,0,0,1,60
829,0,0,1,34
830,1,0,0,50
831,0,0,1,38
832,1,0,1,70
833,1,0,1,37
834,1,1,0,4
835,0,1,1,60
836,0,0,1,62
837,0,0,0,1
838,0,0,0,36
839,0,0,0,44
840,1,1,0,55
841,1,0,0,72
842,1,0,1,12
843,1,0,0,13
844,0,0,0,1
845,1,0,1,15
846,1,0,0,65
847,1,0,1,12
848,0,0,0,72
849,1,0,1,72
850,1,0,1,72
851,0,0,1,52
852,0,0,0,2
853,1,0,0,5
854,1,0,0,68
855,1,0,1,62
856,0,0,0,72
857,0,0,0,1
858,1,0,0,66
859,0,0,1,72
860,0,0,0,26
861,0,0,1,64
862,0,1,0,20
863,1,0,0,3
864,0,0,0,22
865,0,0,0,4
866,0,0,0,62
867,1,0,0,5
868,0,0,0,59
869,0,0,1,3
870,1,0,0,72
871,0,0,1,57
872,0,0,1,66
873,1,0,0,60
874,0,0,1,45
875,1,0,0,3
876,1,0,0,15
877,1,0,1,51
878,1,0,0,60
879,0,0,0,33
880,0,0,0,10
881,0,1,0,26
882,1,0,0,6
883,1,0,0,67
884,1,0,1,49
885,0,0,0,1
886,1,1,0,7
887,1,1,0,27
888,0,0,1,37
889,1,0,1,63
890,0,0,1,31
891,0,0,1,50
892,0,1,0,32
893,1,0,0,1
894,1,0,0,63
895,0,0,0,30
896,0,0,0,71
897,1,0,0,53
898,1,0,0,12
899,0,0,0,50
900,1,0,0,2
901,1,0,0,9
902,0,0,0,17
903,1,0,0,56
904,0,0,1,67
905,0,1,0,9
906,0,0,0,4
907,0,0,0,19
908,1,0,1,8
909,1,0,0,71
910,0,1,0,10
911,1,1,0,15
912,0,0,1,72
913,0,0,0,12
914,0,0,1,72
915,0,1,0,1
916,1,1,0,23
917,0,0,0,72
918,1,0,0,26
919,1,0,0,21
920,0,0,0,60
921,0,0,0,12
922,0,0,0,16
923,1,0,0,63
924,1,1,0,22
925,1,0,1,32
926,1,1,0,3
927,1,0,0,13
928,1,0,1,68
929,1,0,1,30
930,1,0,0,16
931,0,0,0,33
932,0,0,0,72
933,1,1,0,4
934,1,0,0,12
935,1,1,0,4
936,1,0,1,0
937,1,0,0,6
938,1,0,0,65
939,1,0,0,15
940,1,0,1,24
941,1,0,1,13
942,0,0,0,24
943,1,0,0,72
944,1,0,1,54
945,1,0,0,3
946,0,0,1,4
947,1,1,1,32
948,0,1,0,35
949,0,0,1,35
950,0,1,0,2
951,1,0,0,8
952,0,0,0,22
953,1,0,0,15
954,0,0,0,22
955,0,0,0,1
956,1,0,1,71
957,0,0,0,4
958,0,0,0,25
959,1,0,1,32
960,0,1,0,7
961,0,0,0,17
962,0,1,0,8
963,1,1,0,56
964,0,0,0,1
965,0,1,0,8
966,0,0,0,7
967,0,0,1,3
968,1,0,0,71
969,1,0,0,2
970,1,0,0,1
971,0,0,0,49
972,0,0,0,58
973,0,1,0,44
974,1,0,1,59
975,0,0,0,71
976,0,0,0,1
977,1,0,0,11
978,0,1,0,62
979,1,0,1,35
980,1,0,0,20
981,0,0,1,40
982,1,0,0,39
983,0,0,0,1
984,1,0,1,72
985,1,1,0,33
986,1,0,0,12
987,0,0,0,1
988,0,0,1,27
989,0,0,1,34
990,1,0,0,56
991,1,0,0,58
992,1,0,1,22
993,1,0,1,10
994,0,0,0,13
995,1,0,0,35
996,1,0,0,34
997,1,1,0,4
998,0,0,0,72
999,0,0,0,2
1000,1,0,0,7
1001,0,1,0,27
1002,0,0,1,4
1003,1,0,0,37
1004,0,0,0,21
1005,1,1,0,53
1006,1,0,0,18
1007,1,0,0,2
1008,0,0,1,32
1009,0,1,0,23
1010,0,0,0,3
1011,1,0,1,71
1012,0,0,0,9
1013,1,0,0,1
1014,0,0,1,18
1015,0,0,1,12
1016,0,0,0,71
1017,1,0,0,64
1018,0,0,0,4
1019,1,0,0,23
1020,1,0,1,39
1021,0,0,0,28
1022,1,1,0,5
1023,1,1,0,45
1024,0,0,0,37
1025,1,1,0,60
1026,0,1,0,8
1027,1,0,0,47
1028,0,0,1,26
1029,1,1,1,3
1030,1,0,1,50
1031,0,0,1,27
1032,1,1,0,8
1033,1,0,0,62
1034,1,0,0,71
1035,0,0,0,66
1036,0,0,1,68
1037,1,0,0,13
1038,0,0,0,56
1039,0,0,0,38
1040,0,1,0,14
1041,1,0,1,16
1042,1,0,1,14
1043,0,0,1,32
1044,1,0,0,8
1045,1,0,1,43
1046,1,0,0,52
1047,0,0,0,3
1048,0,0,0,29
1049,1,0,0,1
1050,0,1,0,12
1051,1,0,1,16
1052,1,0,0,40
1053,1,0,0,5
1054,0,0,0,40
1055,1,0,0,36
1056,1,0,0,5
1057,1,0,0,10
1058,0,0,1,2
1059,0,0,0,23
1060,0,0,1,26
1061,1,1,0,72
1062,1,0,0,34
1063,0,0,0,10
1064,1,0,0,14
1065,1,0,0,23
1066,0,0,0,47
1067,0,0,0,24
1068,0,0,0,49
1069,0,1,0,20
1070,1,0,0,2
1071,1,0,0,2
1072,0,0,0,22
1073,0,0,0,7
1074,0,0,0,1
1075,1,0,1,59
1076,1,0,1,58
1077,1,0,0,41
1078,1,1,0,59
1079,1,0,1,3
1080,0,0,0,32
1081,0,1,0,46
1082,0,0,1,0
1083,0,0,0,2
1084,1,0,1,52
1085,1,1,0,13
1086,1,1,0,11
1087,0,0,0,32
1088,0,1,0,17
1089,1,0,0,16
1090,1,0,0,51
1091,0,0,0,29
1092,0,0,0,70
1093,1,0,1,71
1094,0,0,1,41
1095,0,0,0,1
1096,1,0,0,7
1097,0,0,1,25
1098,0,0,1,67
1099,0,0,1,5
1100,0,0,1,15
1101,1,0,1,20
1102,0,0,1,3
1103,0,0,1,54
1104,0,0,0,42
1105,1,0,0,9
1106,1,0,0,63
1107,1,0,0,69
1108,1,0,0,69
1109,0,0,0,40
1110,0,0,0,60
1111,1,0,0,4
1112,1,1,0,71
1113,1,0,0,37
1114,0,0,0,32
1115,0,0,0,39
1116,1,0,0,38
1117,0,0,0,52
1118,1,0,1,48
1119,0,0,1,70
1120,0,0,0,20
1121,1,0,0,50
1122,1,0,0,19
1123,0,0,1,25
1124,0,0,0,12
1125,0,1,0,39
1126,0,0,0,7
1127,1,0,1,23
1128,0,0,0,27
1129,0,1,0,47
1130,0,0,1,26
1131,1,0,0,14
1132,1,1,0,11
1133,0,0,1,2
1134,1,0,1,26
1135,1,1,0,72
1136,1,0,1,63
1137,0,0,1,71
1138,0,0,1,11
1139,0,1,0,14
1140,1,0,1,13
1141,0,0,1,6
1142,0,1,1,11
1143,0,0,0,18
1144,0,0,0,1
1145,1,0,0,32
1146,0,0,0,29
1147,1,0,0,3
1148,1,0,0,2
1149,0,0,1,13
1150,1,0,0,41
1151,1,0,0,1
1152,0,0,0,7
1153,1,0,0,52
1154,1,0,1,45
1155,0,0,0,70
1156,1,0,0,53
1157,1,1,0,62
1158,1,0,0,60
1159,1,1,0,3
1160,1,1,0,23
1161,0,0,1,1
1162,1,0,0,67
1163,1,0,0,12
1164,1,1,0,71
1165,0,0,0,25
1166,1,0,0,5
1167,0,0,0,26
1168,0,0,1,1
1169,0,1,0,70
1170,0,0,1,72
1171,0,0,0,60
1172,1,1,1,32
1173,0,0,0,1
1174,1,0,0,14
1175,1,0,0,13
1176,1,0,0,6
1177,1,0,0,46
1178,0,0,0,15
1179,0,1,0,43
1180,0,0,0,39
1181,0,1,0,21
1182,0,0,0,57
1183,1,0,0,53
1184,0,0,1,18
1185,1,0,0,1
1186,1,0,0,58
1187,1,1,0,71
1188,1,0,0,35
1189,0,0,0,3
1190,0,0,0,38
1191,0,0,1,35
1192,0,0,0,7
1193,1,0,0,47
1194,1,0,0,14
1195,1,1,0,20
1196,0,0,0,66
1197,0,0,0,15
1198,1,0,0,42
1199,1,0,0,17
1200,0,0,0,37
1201,1,0,0,12
1202,0,0,0,53
1203,1,0,0,60
1204,0,0,1,18
1205,0,0,0,1
1206,1,0,0,3
1207,1,0,1,9
1208,1,0,0,1
1209,0,0,0,56
1210,0,0,1,17
1211,1,0,1,11
1212,0,0,0,7
1213,1,0,1,69
1214,0,0,0,19
1215,1,0,1,3
1216,0,0,1,54
1217,0,0,0,62
1218,0,0,0,24
1219,1,0,1,62
1220,0,0,0,17
1221,0,0,0,9
1222,0,0,1,64
1223,1,0,0,2
1224,0,0,1,1
1225,1,0,0,16
1226,1,0,0,72
1227,0,0,0,30
1228,1,0,0,49
1229,0,0,0,61
1230,0,0,1,47
1231,0,0,0,20
1232,0,0,1,34
1233,1,0,1,70
1234,0,0,1,54
1235,0,1,0,61
1236,0,0,0,3
1237,0,0,0,13
1238,1,1,0,16
1239,1,0,1,3
1240,0,0,0,25
1241,0,0,0,30
1242,1,0,0,21
1243,0,0,0,1
1244,1,0,0,15
1245,0,1,0,23
1246,1,0,1,45
1247,1,0,1,24
1248,1,0,0,11
1249,0,0,0,1
1250,1,0,0,56
1251,1,0,0,1
1252,0,0,0,1
1253,1,0,0,7
1254,1,1,0,55
1255,1,0,0,2
1256,1,0,1,72
1257,1,1,0,45
1258,1,0,0,47
1259,1,1,0,46
1260,0,0,0,2
1261,1,0,0,2
1262,1,0,0,12
1263,1,1,0,68
1264,0,0,1,69
1265,0,1,1,56
1266,1,1,0,4
1267,0,0,0,64
1268,0,0,0,59
1269,0,0,1,62
1270,0,0,1,63
1271,1,0,0,53
1272,0,0,1,5
1273,0,1,0,49
1274,1,0,1,62
1275,1,0,0,55
1276,1,1,0,71
1277,1,0,1,72
1278,0,0,1,36
1279,0,0,0,25
1280,1,1,0,72
1281,1,0,0,36
1282,0,0,0,1
1283,1,0,0,72
1284,0,0,1,59
1285,0,1,0,7
1286,1,0,0,1
1287,1,0,1,30
1288,0,0,0,64
1289,0,0,0,63
1290,0,1,0,72
1291,0,0,0,8
1292,1,0,0,62
1293,0,0,1,67
1294,0,0,0,6
1295,1,0,1,70
1296,1,1,0,20
1297,1,0,0,5
1298,1,0,1,24
1299,1,0,0,11
1300,0,0,0,72
1301,1,0,1,66
1302,1,0,1,45
1303,1,0,1,69
1304,0,1,0,15
1305,1,0,0,28
1306,1,0,0,70
1307,1,0,0,36
1308,0,1,0,16
1309,1,0,0,18
1310,1,0,0,34
1311,0,0,1,42
1312,0,0,0,48
1313,0,0,0,47
1314,1,0,1,39
1315,1,0,1,11
1316,0,0,0,7
1317,1,0,0,3
1318,0,0,0,8
1319,0,0,1,1
1320,0,0,1,32
1321,0,0,1,60
1322,1,0,0,10
1323,1,0,0,71
1324,1,0,1,4
1325,1,1,0,1
1326,1,0,1,43
1327,0,0,0,59
1328,1,0,0,23
1329,1,0,0,72
1330,0,0,0,22
1331,1,0,0,1
1332,0,0,0,69
1333,0,0,0,50
1334,1,1,0,1
1335,0,0,0,2
1336,1,0,0,15
1337,0,0,0,31
1338,0,0,0,1
1339,0,0,0,66
1340,1,0,1,0
1341,0,0,1,3
1342,1,0,0,8
1343,0,0,1,64
1344,1,0,0,28
1345,1,0,0,57
1346,1,0,1,14
1347,0,0,0,19
1348,0,0,0,10
1349,1,0,0,51
1350,1,0,0,67
1351,0,0,1,11
1352,0,0,1,72
1353,0,0,1,66
1354,1,0,0,18
1355,1,0,0,9
1356,1,0,0,9
1357,0,0,0,48
1358,0,0,0,10
1359,1,0,0,9
1360,1,1,0,13
1361,0,0,0,4
1362,0,0,0,4
1363,1,0,0,72
1364,1,0,1,51
1365,0,0,0,59
1366,0,0,0,10
1367,0,1,0,61
1368,0,0,0,54
1369,1,0,0,33
1370,1,0,0,27
1371,1,1,0,1
1372,0,0,0,23
1373,0,0,1,1
1374,0,0,1,45
1375,1,0,1,39
1376,0,0,0,5
1377,0,0,1,72
1378,1,0,1,58
1379,1,0,0,70
1380,0,0,1,61
1381,0,0,0,2
1382,1,0,1,46
1383,1,0,0,1
1384,1,0,0,22
1385,1,0,0,48
1386,0,0,0,64
1387,0,0,1,72
1388,1,0,1,12
1389,1,1,0,34
1390,1,0,1,72
1391,0,0,0,29
1392,0,0,1,33
1393,1,0,0,1
1394,1,0,1,62
1395,0,0,0,41
1396,1,0,0,64
1397,1,0,0,4
1398,1,0,0,24
1399,1,0,1,14
1400,0,0,1,3
1401,1,1,0,4
1402,1,0,1,18
1403,0,0,0,8
1404,1,0,0,35
1405,1,0,0,1
1406,0,0,1,66
1407,0,0,1,8
1408,1,0,0,71
1409,1,0,1,43
1410,1,1,0,2
1411,0,1,0,29
1412,1,0,0,15
1413,0,0,1,65
1414,0,0,0,35
1415,0,0,0,64
1416,1,0,1,58
1417,1,1,0,18
1418,0,0,1,67
1419,0,0,1,63
1420,1,0,0,60
1421,0,1,0,9
1422,1,0,1,70
1423,0,0,0,15
1424,1,0,1,48
1425,0,0,0,12
1426,0,1,0,71
1427,0,1,0,44
1428,0,0,0,1
1429,0,0,1,45
1430,1,0,0,23
1431,1,0,0,43
1432,0,0,0,35
1433,0,0,0,9
1434,0,0,0,12
1435,1,1,0,65
1436,1,0,0,2
1437,0,0,0,27
1438,1,0,0,40
1439,1,1,0,5
1440,0,0,1,8
1441,1,1,0,58
1442,1,0,1,52
1443,0,0,0,3
1444,0,0,1,41
1445,0,0,0,20
1446,0,0,1,1
1447,0,0,1,4
1448,0,0,0,23
1449,1,1,0,6
1450,0,0,1,8
1451,0,0,0,18
1452,0,1,0,52
1453,0,0,0,31
1454,0,0,1,29
1455,1,0,0,36
1456,1,0,0,16
1457,0,0,0,42
1458,0,0,0,1
1459,1,0,0,60
1460,0,0,0,5
1461,0,0,0,22
1462,0,0,0,36
1463,1,0,0,4
1464,0,0,0,9
1465,0,0,1,1
1466,0,0,1,12
1467,1,0,0,23
1468,0,0,0,62
1469,0,0,0,37
1470,1,0,0,8
1471,0,0,0,31
1472,0,0,1,13
1473,1,0,0,24
1474,0,0,1,45
1475,1,1,0,69
1476,0,0,0,2
1477,0,0,1,61
1478,0,0,0,41
1479,1,0,0,44
1480,0,0,0,39
1481,0,0,1,72
1482,1,1,0,13
1483,1,0,1,51
1484,1,1,0,71
1485,0,1,0,22
1486,1,0,0,2
1487,1,0,0,56
1488,0,0,0,1
1489,1,0,1,23
1490,1,1,0,66
1491,1,0,0,1
1492,0,1,0,19
1493,0,0,0,11
1494,1,0,1,8
1495,1,0,1,52
1496,0,0,0,3
1497,1,0,1,51
1498,0,1,0,15
1499,0,1,0,64
1500,1,0,0,37
1501,0,0,0,13
1502,0,0,0,49
1503,1,1,0,45
1504,1,0,0,18
1505,0,1,0,1
1506,0,0,0,68
1507,0,0,0,54
1508,1,1,1,23
1509,0,0,0,17
1510,0,0,0,71
1511,1,0,1,67
1512,1,0,1,14
1513,1,1,0,1
1514,1,0,1,63
1515,1,0,0,41
1516,1,0,0,17
1517,0,0,0,56
1518,1,0,0,5
1519,1,0,0,2
1520,1,0,0,3
1521,0,0,0,37
1522,1,0,0,29
1523,0,0,0,8
1524,1,0,0,63
1525,1,0,1,7
1526,1,0,0,3
1527,0,0,1,72
1528,1,0,0,19
1529,1,0,0,59
1530,0,0,1,2
1531,1,0,1,35
1532,0,0,0,14
1533,1,0,0,14
1534,1,0,1,69
1535,0,1,0,7
1536,0,0,1,69
1537,1,0,1,72
1538,0,0,0,8
1539,1,0,1,4
1540,0,0,1,63
1541,0,0,0,72
1542,1,0,0,46
1543,1,0,0,5
1544,0,0,0,30
1545,0,0,0,63
1546,1,0,0,60
1547,1,0,0,63
1548,0,0,1,25
1549,0,0,0,1
1550,0,1,0,6
1551,0,0,0,22
1552,1,0,1,31
1553,1,0,1,39
1554,0,0,0,26
1555,1,0,0,53
1556,1,0,0,1
1557,0,0,0,12
1558,1,0,0,16
1559,1,0,0,2
1560,0,0,1,39
1561,0,0,0,1
1562,1,0,1,7
1563,0,1,0,4
1564,0,1,0,10
1565,1,0,0,55
1566,0,0,1,72
1567,1,0,0,10
1568,0,1,0,11
1569,1,0,1,15
1570,1,0,1,23
1571,0,0,1,1
1572,1,1,0,3
1573,0,0,1,47
1574,1,0,1,15
1575,0,0,0,66
1576,1,1,0,68
1577,1,0,1,17
1578,1,0,0,7
1579,0,1,0,12
1580,1,1,0,21
1581,0,0,0,21
1582,1,0,1,56
1583,1,0,1,6
1584,1,1,0,65
1585,0,0,0,42
1586,1,0,1,68
1587,0,0,1,48
1588,1,1,0,50
1589,1,1,0,7
1590,1,0,1,63
1591,0,0,0,17
1592,1,0,1,42
1593,0,0,1,4
1594,1,0,1,62
1595,0,1,0,2
1596,1,0,0,2
1597,0,0,0,48
1598,0,0,0,27
1599,1,0,1,70
1600,0,1,0,1
1601,0,0,0,46
1602,0,0,0,30
1603,1,0,0,15
1604,0,0,1,69
1605,0,0,0,65
1606,0,1,1,72
1607,0,1,0,13
1608,0,0,0,17
1609,0,0,0,51
1610,0,0,1,51
1611,1,0,0,72
1612,0,0,1,67
1613,0,0,0,34
1614,0,0,0,67
1615,1,0,0,49
1616,0,0,1,53
1617,0,0,0,27
1618,1,1,0,23
1619,0,0,0,69
1620,1,0,1,2
1621,1,0,0,35
1622,1,0,0,46
1623,1,0,0,54
1624,1,0,0,56
1625,1,0,0,9
1626,0,0,0,20
1627,0,0,0,11
1628,1,1,0,30
1629,0,0,0,68
1630,0,1,0,38
1631,1,1,0,17
1632,0,0,0,48
1633,1,0,0,1
1634,0,0,1,63
1635,1,0,0,3
1636,1,0,0,48
1637,0,0,0,66
1638,1,0,1,68
1639,0,1,0,17
1640,1,0,1,7
1641,0,0,0,72
1642,1,0,0,29
1643,0,0,0,37
1644,1,0,0,34
1645,1,1,0,42
1646,1,0,1,59
1647,0,0,1,11
1648,0,1,1,60
1649,1,0,0,27
1650,1,0,0,1
1651,0,1,0,1
1652,0,0,0,17
1653,0,0,0,58
1654,0,0,1,1
1655,1,0,1,3
1656,1,0,0,53
1657,0,0,0,35
1658,0,0,1,50
1659,0,0,1,68
1660,0,0,0,47
1661,1,1,0,65
1662,0,0,0,5
1663,0,0,0,51
1664,1,0,0,46
1665,1,0,0,9
1666,1,0,0,8
1667,0,0,0,14
1668,1,0,0,45
1669,1,0,0,8
1670,0,1,1,1
1671,0,0,1,66
1672,0,0,1,72
1673,1,0,0,41
1674,1,0,1,23
1675,1,0,0,29
1676,1,0,0,4
1677,0,0,1,6
1678,1,1,0,67
1679,0,1,1,7
1680,0,0,1,56
1681,1,0,0,72
1682,0,0,0,72
1683,0,0,1,23
1684,1,0,1,35
1685,0,1,0,27
1686,1,0,1,26
1687,0,0,1,12
1688,1,0,0,40
1689,0,0,1,7
1690,0,0,1,70
1691,0,0,1,60
1692,0,0,1,39
1693,0,0,0,72
1694,1,0,0,1
1695,0,0,1,54
1696,0,0,0,3
1697,1,0,1,63
1698,0,0,1,71
1699,1,0,0,42
1700,0,0,0,47
1701,1,0,1,66
1702,1,0,0,21
1703,0,0,0,11
1704,0,0,1,1
1705,1,1,0,55
1706,0,0,0,69
1707,1,1,0,3
1708,0,0,0,4
1709,0,1,0,30
1710,1,0,0,5
1711,1,0,0,71
1712,1,0,0,29
1713,0,0,0,52
1714,0,0,0,68
1715,1,0,1,46
1716,0,0,0,8
1717,0,0,0,72
1718,1,0,0,17
1719,0,0,0,3
1720,1,1,0,2
1721,1,0,0,9
1722,1,0,0,51
1723,1,0,1,6
1724,1,0,0,3
1725,1,1,0,17
1726,0,0,0,30
1727,0,0,0,31
1728,1,0,0,45
1729,0,0,0,64
1730,0,0,0,1
1731,1,1,0,1
1732,0,1,1,61
1733,0,0,0,1
1734,0,0,0,9
1735,0,0,1,72
1736,1,0,0,1
1737,1,0,0,7
1738,1,0,0,66
1739,0,0,0,1
1740,0,0,1,40
1741,0,0,0,16
1742,1,0,0,2
1743,0,0,0,67
1744,1,0,0,41
1745,1,0,1,56
1746,1,0,0,72
1747,1,0,1,3
1748,1,0,0,54
1749,0,1,0,52
1750,1,0,0,50
1751,0,0,0,14
1752,0,0,0,27
1753,1,1,0,72
1754,0,0,0,62
1755,1,0,0,12
1756,1,1,0,44
1757,0,0,1,54
1758,1,0,0,68
1759,0,0,0,20
1760,0,0,1,50
1761,0,0,0,58
1762,0,0,1,35
1763,1,0,0,2
1764,0,0,1,63
1765,1,0,0,58
1766,1,0,1,27
1767,1,0,0,71
1768,1,0,0,63
1769,0,0,0,71
1770,1,1,0,41
1771,0,1,0,13
1772,0,0,0,2
1773,1,0,1,68
1774,0,0,1,1
1775,0,1,0,65
1776,0,1,0,72
1777,1,0,0,28
1778,0,0,1,72
1779,1,0,0,2
1780,1,0,1,18
1781,0,1,0,60
1782,1,1,0,26
1783,0,0,1,1
1784,1,0,0,4
1785,0,0,1,68
1786,1,0,0,38
1787,1,1,0,42
1788,1,0,0,57
1789,0,0,0,54
1790,1,0,0,12
1791,1,0,0,44
1792,0,0,1,42
1793,0,0,1,72
1794,1,0,1,71
1795,1,0,0,19
1796,1,0,0,23
1797,1,0,0,30
1798,0,0,0,35
1799,1,0,0,10
1800,0,0,0,1
1801,0,0,0,22
1802,0,0,1,7
1803,1,0,0,36
1804,1,0,1,34
1805,0,0,1,72
1806,0,0,1,36
1807,1,0,0,1
1808,1,0,0,23
1809,0,1,0,32
1810,1,0,1,71
1811,1,1,0,23
1812,0,0,0,17
1813,0,0,0,1
1814,0,0,1,12
1815,1,0,0,72
1816,0,0,0,1
1817,0,1,0,72
1818,0,0,1,60
1819,1,0,1,61
1820,1,0,0,6
1821,0,1,0,32
1822,1,0,1,31
1823,0,0,0,19
1824,0,0,1,72
1825,1,0,0,32
1826,0,0,0,65
1827,1,0,1,45
1828,0,0,0,42
1829,0,0,0,8
1830,0,0,1,32
1831,1,1,0,22
1832,0,1,0,57
1833,0,0,0,1
1834,0,1,0,1
1835,1,0,0,1
1836,0,0,0,24
1837,0,0,0,1
1838,0,1,0,54
1839,1,0,0,4
1840,0,0,1,65
1841,1,0,0,56
1842,0,0,0,45
1843,1,0,1,71
1844,0,0,0,59
1845,0,0,0,69
1846,0,0,0,19
1847,1,0,1,55
1848,1,0,0,38
1849,0,0,0,10
1850,1,1,0,47
1851,1,0,0,2
1852,0,0,0,1
1853,1,0,0,1
1854,0,1,0,1
1855,0,0,1,46
1856,1,1,0,38
1857,1,0,0,65
1858,1,0,0,19
1859,0,0,0,52
1860,0,0,1,71
1861,1,0,0,1
1862,1,1,0,52
1863,0,0,0,6
1864,1,1,0,26
1865,0,1,0,48
1866,1,0,1,64
1867,1,0,0,3
1868,0,0,0,1
1869,0,0,1,72
1870,0,0,0,1
1871,1,0,1,51
1872,1,0,1,41
1873,1,0,1,72
1874,1,0,0,43
1875,0,0,0,72
1876,0,0,0,47
1877,0,0,0,72
1878,0,0,0,3
1879,0,0,0,1
1880,0,0,0,2
1881,0,0,0,26
1882,0,0,1,29
1883,1,1,0,35
1884,0,0,0,27
1885,0,0,1,24
1886,0,0,1,67
1887,1,0,0,16
1888,1,0,0,23
1889,0,0,0,14
1890,1,0,1,1
1891,1,1,0,1
1892,0,1,0,4
1893,0,0,1,16
1894,1,0,0,46
1895,0,0,1,68
1896,0,0,0,38
1897,0,1,0,30
1898,1,1,0,5
1899,0,0,0,17
1900,0,0,1,4
1901,1,0,0,12
1902,0,0,1,72
1903,0,0,0,3
1904,0,0,0,56
1905,1,0,0,41
1906,0,0,0,40
1907,1,0,0,7
1908,0,0,0,69
1909,0,0,1,7
1910,1,0,1,5
1911,1,0,1,72
1912,0,0,1,44
1913,1,0,0,65
1914,1,0,0,3
1915,0,0,0,24
1916,1,0,0,44
1917,1,1,0,72
1918,0,0,0,24
1919,0,0,0,1
1920,0,0,0,22
1921,0,0,1,70
1922,0,0,1,25
1923,0,0,1,37
1924,1,1,1,22
1925,1,0,1,59
1926,0,0,1,49
1927,0,0,1,47
1928,1,0,1,31
1929,0,0,1,1
1930,0,0,0,3
1931,1,0,0,53
1932,0,0,0,1
1933,0,0,0,20
1934,1,0,0,3
1935,1,0,0,51
1936,1,0,0,51
1937,1,0,1,13
1938,1,0,0,1
1939,0,0,1,1
1940,0,0,0,63
1941,0,0,0,3
1942,0,0,0,46
1943,0,0,0,1
1944,0,0,1,8
1945,1,0,1,71
1946,0,0,1,55
1947,1,0,0,70
1948,1,0,0,2
1949,0,0,1,67
1950,0,0,0,65
1951,0,0,0,14
1952,1,0,1,20
1953,0,0,1,1
1954,0,0,0,1
1955,1,0,1,49
1956,1,0,0,72
1957,1,0,0,46
1958,0,0,0,24
1959,1,0,1,5
1960,1,0,1,33
1961,1,0,0,42
1962,0,0,0,23
1963,0,0,0,8
1964,0,0,0,66
1965,0,0,0,24
1966,0,1,0,24
1967,0,0,0,69
1968,1,0,0,53
1969,1,0,0,60
1970,1,0,0,7
1971,1,0,0,20
1972,1,0,1,23
1973,0,0,1,72
1974,0,0,0,11
1975,0,0,0,21
1976,0,1,0,1
1977,0,1,0,31
1978,1,0,0,57
1979,1,0,1,45
1980,0,0,0,10
1981,1,0,0,58
1982,0,0,1,14
1983,0,0,0,27
1984,1,0,1,14
1985,1,0,1,12
1986,1,0,1,69
1987,1,0,1,25
1988,0,1,0,58
1989,1,0,1,35
1990,1,1,0,16
1991,0,0,1,45
1992,1,0,0,17
1993,1,0,1,1
1994,0,0,0,22
1995,1,1,0,1
1996,0,0,1,67
1997,1,0,1,67
1998,1,0,0,2
1999,0,0,0,23
2000,1,1,0,9
2001,1,0,0,5
2002,0,0,0,54
2003,1,0,0,57
2004,0,0,0,24
2005,1,0,1,49
2006,0,0,0,5
2007,0,0,0,2
2008,1,0,1,4
2009,0,0,1,70
2010,0,0,0,5
2011,0,0,1,53
2012,1,0,0,47
2013,1,0,1,31
2014,0,0,1,13
2015,1,0,1,28
2016,1,0,0,10
2017,0,0,0,38
2018,1,0,0,1
2019,0,0,0,67
2020,0,0,0,52
2021,0,0,1,62
2022,1,0,0,16
2023,1,1,0,5
2024,0,0,0,12
2025,1,0,1,72
2026,0,1,0,71
2027,1,0,0,24
2028,1,0,0,15
2029,0,0,0,67
2030,0,0,1,2
2031,1,0,1,5
2032,1,0,0,15
2033,0,0,0,1
2034,0,0,1,41
2035,1,0,1,43
2036,0,1,0,1
2037,1,1,0,1
2038,1,0,1,26
2039,0,0,0,22
2040,0,0,0,71
2041,0,0,0,7
2042,1,1,0,28
2043,0,1,0,16
2044,0,0,0,7
2045,1,0,0,69
2046,1,0,1,1
2047,0,0,0,3
2048,0,1,0,21
2049,1,0,0,69
2050,1,0,0,71
2051,1,0,1,69
2052,1,0,0,48
2053,0,0,0,47
2054,1,0,0,2
2055,0,0,0,45
2056,0,0,0,51
2057,1,0,0,22
2058,0,0,0,72
2059,0,0,1,37
2060,0,0,1,71
2061,0,0,1,7
2062,1,0,0,66
2063,0,0,1,51
2064,1,0,1,30
2065,1,0,0,34
2066,0,0,1,64
2067,0,1,0,65
2068,0,0,0,47
2069,1,0,0,1
2070,1,0,0,49
2071,1,0,1,67
2072,0,0,1,39
2073,0,0,0,14
2074,1,1,0,43
2075,0,1,0,56
2076,1,0,0,14
2077,1,0,0,1
2078,0,0,1,16
2079,0,0,1,70
2080,0,1,0,72
2081,1,0,1,23
2082,0,0,1,21
2083,1,0,0,1
2084,0,0,1,1
2085,1,1,0,32
2086,0,0,1,17
2087,1,0,0,4
2088,1,0,0,36
2089,1,0,0,50
2090,1,0,1,48
2091,1,0,1,50
2092,0,0,0,72
2093,0,0,1,10
2094,1,0,0,18
2095,0,0,0,1
2096,1,0,0,1
2097,0,0,0,9
2098,0,0,0,2
2099,1,0,0,40
2100,0,0,0,69
2101,1,0,0,37
2102,0,0,1,18
2103,0,1,0,11
2104,1,0,0,8
2105,1,0,0,3
2106,0,0,1,55
2107,0,0,0,33
2108,1,0,0,46
2109,0,0,0,34
2110,1,0,0,3
2111,0,0,1,30
2112,1,0,0,33
2113,0,0,1,45
2114,0,0,0,40
2115,1,0,0,71
2116,0,0,0,1
2117,1,0,1,72
2118,1,0,1,22
2119,0,0,1,46
2120,1,0,1,55
2121,0,0,0,1
2122,1,0,0,12
2123,0,0,0,31
2124,0,0,0,5
2125,1,0,1,67
2126,0,0,0,1
2127,0,0,0,40
2128,0,0,1,41
2129,0,0,0,1
2130,0,0,0,51
2131,0,0,1,42
2132,0,0,1,23
2133,1,1,0,1
2134,1,0,0,1
2135,1,0,0,56
2136,0,0,1,15
2137,0,0,1,12
2138,1,0,1,54
2139,1,0,0,7
2140,1,0,1,33
2141,0,0,1,16
2142,1,0,1,21
2143,0,1,0,30
2144,0,0,0,3
2145,0,0,0,11
2146,1,0,0,62
2147,0,0,0,18
2148,0,0,1,6
2149,1,0,0,46
2150,0,0,0,21
2151,0,0,0,68
2152,1,0,0,1
2153,1,0,0,25
2154,1,0,1,24
2155,1,0,0,30
2156,1,0,0,2
2157,0,0,0,51
2158,1,0,1,57
2159,1,0,0,15
2160,1,0,1,72
2161,1,0,0,2
2162,0,0,0,28
2163,0,1,0,29
2164,0,0,1,70
2165,1,0,0,13
2166,1,1,0,59
2167,0,1,0,13
2168,0,1,0,7
2169,1,0,0,62
2170,1,0,0,21
2171,1,0,0,2
2172,1,0,0,1
2173,0,0,0,4
2174,1,0,0,19
2175,1,0,0,30
2176,0,0,1,67
2177,0,1,0,72
2178,0,0,0,53
2179,1,0,0,5
2180,0,1,0,71
2181,1,0,1,50
2182,0,0,1,56
2183,0,0,0,2
2184,1,1,0,2
2185,0,0,1,24
2186,0,0,1,46
2187,0,0,0,71
2188,1,0,0,29
2189,0,0,1,69
2190,0,0,0,71
2191,1,1,0,1
2192,0,1,0,56
2193,0,0,1,56
2194,0,0,0,1
2195,1,0,0,28
2196,1,0,1,19
2197,0,0,0,66
2198,1,0,1,17
2199,0,0,1,52
2200,1,0,0,19
2201,1,0,0,36
2202,0,1,0,7
2203,0,0,1,72
2204,0,0,1,67
2205,0,1,0,34
2206,0,1,0,57
2207,1,0,0,7
2208,1,1,0,1
2209,0,0,0,8
2210,1,0,0,69
2211,1,0,0,50
2212,0,0,0,10
2213,1,0,1,12
2214,1,0,0,14
2215,1,0,0,70
2216,1,1,0,64
2217,1,0,1,66
2218,1,0,1,71
2219,0,1,0,20
2220,0,0,0,72
2221,1,0,1,71
2222,0,0,1,38
2223,1,0,0,28
2224,0,1,0,17
2225,0,0,0,33
2226,1,0,1,23
2227,0,0,1,58
2228,1,1,0,70
2229,0,0,0,4
2230,0,0,1,45
2231,0,0,0,10
2232,0,0,1,36
2233,0,0,0,54
2234,0,0,1,23
2235,1,0,1,41
2236,0,1,0,5
2237,0,0,1,27
2238,1,0,0,1
2239,1,0,1,67
2240,1,1,1,72
2241,1,0,1,56
2242,0,0,1,44
2243,1,1,0,66
2244,1,0,0,34
2245,1,0,0,69
2246,1,0,1,1
2247,1,0,0,40
2248,0,0,1,30
2249,1,0,0,11
2250,1,0,0,15
2251,0,0,0,11
2252,1,0,1,64
2253,0,1,0,72
2254,0,1,0,72
2255,1,0,1,1
2256,1,0,1,15
2257,1,0,0,60
2258,0,0,0,56
2259,1,0,0,8
2260,1,0,0,3
2261,1,0,0,49
2262,1,0,0,2
2263,1,0,0,6
2264,0,0,0,70
2265,0,0,0,12
2266,0,1,0,52
2267,1,0,0,72
2268,1,0,0,40
2269,1,0,0,1
2270,1,1,0,3
2271,1,1,0,40
2272,0,0,1,1
2273,0,0,0,30
2274,0,0,1,23
2275,0,0,1,1
2276,1,1,0,44
2277,0,0,0,65
2278,1,1,0,7
2279,0,1,0,72
2280,1,1,0,8
2281,1,0,0,16
2282,0,1,1,66
2283,0,0,0,1
2284,0,0,1,3
2285,0,0,0,53
2286,0,1,0,8
2287,0,1,0,69
2288,1,0,0,5
2289,1,0,1,72
2290,1,0,0,13
2291,1,0,0,4
2292,1,0,1,54
2293,0,0,0,72
2294,0,0,0,12
2295,0,0,0,1
2296,0,1,0,1
2297,1,0,0,54
2298,0,0,1,69
2299,1,0,0,48
2300,1,0,1,48
2301,1,0,0,8
2302,0,0,1,71
2303,0,0,0,2
2304,0,0,0,67
2305,0,0,1,34
2306,1,0,0,3
2307,1,0,1,9
2308,0,0,1,71
2309,0,0,0,57
2310,0,0,0,72
2311,1,1,1,48
2312,0,0,0,18
2313,0,0,1,43
2314,1,0,1,72
2315,0,0,1,35
2316,0,0,0,4
2317,1,0,1,49
2318,1,0,1,71
2319,0,0,1,11
2320,0,0,1,63
2321,1,1,0,65
2322,1,0,1,49
2323,1,0,0,29
2324,1,1,0,15
2325,1,0,1,4
2326,1,0,0,72
2327,1,1,0,26
2328,1,1,0,35
2329,1,0,0,57
2330,0,0,1,28
2331,1,0,0,25
2332,1,0,0,47
2333,1,0,1,57
2334,0,1,0,16
2335,0,0,0,5
2336,0,0,0,17
2337,1,1,0,56
2338,0,0,1,72
2339,1,1,0,21
2340,1,0,1,48
2341,1,0,0,68
2342,1,0,0,30
2343,1,0,0,3
2344,1,1,0,14
2345,1,0,1,4
2346,1,0,1,71
2347,0,0,1,8
2348,0,0,1,61
2349,0,0,1,72
2350,1,0,0,5
2351,1,0,0,49
2352,0,0,0,8
2353,0,0,0,3
2354,0,0,1,9
2355,0,0,1,67
2356,0,0,0,46
2357,1,0,0,67
2358,1,0,0,55
2359,0,0,0,33
2360,0,0,1,62
2361,1,0,1,1
2362,0,0,1,49
2363,0,0,0,1
2364,0,0,0,14
2365,0,1,0,18
2366,1,1,0,1
2367,1,0,0,1
2368,1,0,0,72
2369,0,0,0,64
2370,0,0,0,69
2371,1,0,0,1
2372,0,0,1,71
2373,1,0,1,66
2374,0,0,0,2
2375,1,1,0,71
2376,0,0,0,11
2377,0,0,1,47
2378,1,0,0,35
2379,0,1,0,32
2380,0,0,1,60
2381,0,0,0,11
2382,1,0,0,29
2383,0,0,1,21
2384,0,1,0,48
2385,1,0,1,3
2386,1,0,1,43
2387,0,0,0,5
2388,1,0,0,1
2389,0,0,1,71
2390,1,0,1,8
2391,0,0,0,8
2392,0,0,0,20
2393,1,0,1,33
2394,0,0,0,71
2395,1,1,0,31
2396,1,1,0,38
2397,0,0,0,1
2398,1,0,1,2
2399,1,0,0,12
2400,1,0,1,9
2401,0,1,1,11
2402,0,0,1,6
2403,1,0,0,71
2404,1,0,1,42
2405,1,0,1,8
2406,1,0,0,5
2407,1,0,0,2
2408,1,0,1,45
2409,0,0,1,28
2410,1,0,0,43
2411,0,0,1,60
2412,1,0,0,42
2413,0,0,1,7
2414,1,0,0,25
2415,1,1,1,40
2416,0,0,0,27
2417,0,0,0,10
2418,1,1,0,27
2419,1,0,0,11
2420,0,0,1,4
2421,0,0,0,68
2422,0,1,0,1
2423,1,0,0,18
2424,1,0,0,57
2425,0,0,0,26
2426,1,0,0,17
2427,0,0,0,1
2428,0,0,1,38
2429,0,1,0,59
2430,0,0,0,30
2431,0,1,0,2
2432,1,1,0,50
2433,0,0,0,9
2434,1,0,1,3
2435,1,0,1,14
2436,1,1,0,31
2437,1,0,0,7
2438,1,0,0,8
2439,0,0,1,17
2440,0,0,1,32
2441,1,1,0,2
2442,0,1,0,7
2443,1,0,1,72
2444,1,1,0,31
2445,1,0,1,27
2446,1,0,0,18
2447,0,0,0,7
2448,1,1,0,14
2449,0,0,1,11
2450,1,0,1,72
2451,0,0,1,28
2452,0,1,0,15
2453,1,1,0,4
2454,1,0,0,71
2455,1,0,0,5
2456,0,0,1,47
2457,0,1,0,57
2458,0,1,0,50
2459,0,0,0,8
2460,1,0,1,48
2461,1,0,0,70
2462,0,0,1,1
2463,0,0,0,8
2464,1,0,0,1
2465,0,0,0,1
2466,0,0,1,60
2467,0,0,1,49
2468,0,0,0,4
2469,1,0,0,29
2470,1,0,0,67
2471,1,0,0,53
2472,0,0,0,67
2473,1,0,1,6
2474,1,0,0,47
2475,1,0,0,53
2476,0,0,0,69
2477,0,0,0,3
2478,0,0,0,4
2479,0,0,1,56
2480,0,1,0,59
2481,0,1,0,61
2482,1,0,0,2
2483,0,1,1,46
2484,0,0,1,12
2485,1,0,0,14
2486,1,0,1,28
2487,0,0,0,24
2488,0,0,0,31
2489,1,0,1,68
2490,0,0,1,39
2491,1,0,0,42
2492,0,0,0,13
2493,1,0,0,6
2494,0,0,0,35
2495,1,0,0,38
2496,0,0,0,18
2497,1,0,0,4
2498,0,0,0,27
2499,0,0,1,41
2500,0,0,1,50
2501,0,0,1,72
2502,1,0,0,70
2503,0,0,1,44
2504,0,0,0,2
2505,1,0,1,34
2506,1,1,0,72
2507,0,0,0,71
2508,1,0,0,64
2509,1,0,0,72
2510,0,0,0,1
2511,0,1,0,29
2512,1,0,0,23
2513,0,0,1,52
2514,1,1,0,25
2515,1,0,0,64
2516,1,1,0,16
2517,0,1,0,1
2518,0,0,0,24
2519,0,0,0,2
2520,1,0,1,34
2521,0,1,0,36
2522,0,0,1,53
2523,1,0,1,47
2524,0,0,1,72
2525,0,0,1,72
2526,0,0,0,1
2527,1,0,0,9
2528,1,0,0,8
2529,0,1,0,45
2530,1,0,0,7
2531,1,0,0,71
2532,1,1,0,41
2533,0,0,1,67
2534,0,0,0,69
2535,1,1,0,70
2536,0,0,0,25
2537,0,0,0,72
2538,0,0,1,34
2539,1,0,1,65
2540,1,0,0,70
2541,1,0,1,72
2542,0,0,1,35
2543,0,0,0,13
2544,1,0,0,12
2545,1,0,1,62
2546,1,0,0,25
2547,1,0,0,52
2548,0,1,0,8
2549,0,0,0,2
2550,1,0,1,56
2551,1,0,0,12
2552,1,0,0,47
2553,0,1,0,2
2554,1,0,0,18
2555,1,0,0,8
2556,0,0,0,45
2557,0,0,0,3
2558,1,0,0,38
2559,0,0,0,72
2560,0,0,0,46
2561,1,0,1,71
2562,0,0,1,66
2563,0,1,0,25
2564,0,0,0,18
2565,1,0,1,13
2566,1,0,1,65
2567,0,0,0,60
2568,0,0,1,15
2569,1,0,0,72
2570,0,0,0,30
2571,1,0,1,42
2572,1,0,0,71
2573,1,0,0,1
2574,0,1,0,39
2575,1,0,0,35
2576,1,0,1,53
2577,1,0,0,1
2578,1,1,1,31
2579,0,0,0,48
2580,1,1,1,30
2581,0,0,0,10
2582,1,0,1,12
2583,1,1,0,57
2584,1,0,0,58
2585,1,0,0,37
2586,1,0,1,44
2587,0,0,1,27
2588,1,0,0,8
2589,0,1,0,3
2590,1,1,0,25
2591,1,0,1,57
2592,1,0,0,12
2593,1,0,1,62
2594,1,0,0,65
2595,1,0,0,71
2596,1,0,1,21
2597,0,0,0,71
2598,1,0,0,7
2599,1,0,0,72
2600,1,0,0,1
2601,1,0,1,72
2602,1,0,1,64
2603,1,0,0,72
2604,1,0,0,29
2605,1,0,0,13
2606,1,0,0,31
2607,0,1,0,1
2608,0,0,1,7
2609,0,0,0,61
2610,1,0,1,39
2611,0,0,0,10
2612,1,0,1,14
2613,1,0,0,1
2614,1,0,1,67
2615,1,0,0,72
2616,0,0,1,6
2617,1,0,0,1
2618,0,0,1,25
2619,1,1,0,33
2620,0,0,0,18
2621,0,0,0,71
2622,0,1,1,28
2623,1,0,1,2
2624,0,0,1,17
2625,0,0,0,56
2626,1,0,0,60
2627,1,0,0,33
2628,1,0,0,1
2629,0,0,0,2
2630,0,0,0,63
2631,0,1,0,7
2632,1,0,0,55
2633,1,0,0,65
2634,0,0,0,1
2635,0,0,0,63
2636,1,1,0,70
2637,1,0,1,36
2638,0,0,0,52
2639,0,0,0,22
2640,0,0,0,22
2641,1,1,0,5
2642,1,0,0,47
2643,1,0,0,33
2644,0,0,0,18
2645,1,0,0,1
2646,0,0,0,56
2647,1,0,0,2
2648,0,0,0,35
2649,1,0,0,64
2650,1,0,0,15
2651,0,0,0,24
2652,0,0,0,1
2653,1,0,1,70
2654,0,0,0,1
2655,1,0,1,4
2656,1,0,0,39
2657,1,0,0,29
2658,1,0,1,14
2659,1,0,0,61
2660,0,0,1,13
2661,1,0,0,66
2662,0,0,0,2
2663,1,0,0,59
2664,0,0,1,62
2665,0,1,0,33
2666,0,0,1,66
2667,1,0,0,72
2668,0,0,1,1
2669,1,0,0,19
2670,1,0,1,51
2671,0,0,0,63
2672,0,0,0,27
2673,0,0,0,22
2674,1,1,0,4
2675,0,0,1,42
2676,1,0,0,29
2677,1,0,0,4
2678,0,0,0,30
2679,0,0,0,4
2680,0,0,1,71
2681,0,0,0,46
2682,0,0,0,4
2683,1,0,0,7
2684,0,0,0,69
2685,1,0,0,72
2686,0,1,0,19
2687,0,0,0,28
2688,0,0,0,5
2689,1,1,0,72
2690,0,1,1,8
2691,1,0,0,7
2692,1,0,0,22
2693,0,0,0,72
2694,0,0,1,8
2695,0,0,0,52
2696,1,0,0,68
2697,1,0,0,71
2698,0,0,0,2
2699,1,1,0,34
2700,1,0,0,35
2701,1,0,1,61
2702,0,0,0,1
2703,1,0,0,1
2704,1,0,1,53
2705,1,0,0,72
2706,0,0,0,2
2707,0,0,0,3
2708,1,1,0,13
2709,0,1,0,41
2710,1,0,0,24
2711,1,0,1,28
2712,0,0,0,8
2713,0,0,0,1
2714,1,0,0,54
2715,0,0,0,41
2716,1,0,0,19
2717,1,0,1,72
2718,0,0,0,62
2719,1,1,1,56
2720,0,0,0,15
2721,0,1,0,10
2722,0,0,1,32
2723,0,0,0,21
2724,0,0,1,62
2725,1,0,0,2
2726,0,0,1,27
2727,0,0,0,5
2728,1,0,0,25
2729,1,0,0,2
2730,0,0,0,49
2731,1,0,0,63
2732,1,0,1,4
2733,1,0,0,1
2734,0,0,0,11
2735,0,1,0,52
2736,1,1,0,60
2737,0,0,0,64
2738,1,0,1,43
2739,1,0,0,61
2740,1,0,0,1
2741,0,1,0,5
2742,0,0,0,66
2743,0,0,0,67
2744,1,0,0,42
2745,0,1,0,1
2746,1,0,1,31
2747,0,0,0,7
2748,0,0,0,4
2749,0,0,1,34
2750,0,0,0,3
2751,1,0,1,19
2752,0,0,1,31
2753,1,0,0,1
2754,0,0,0,3
2755,0,0,0,46
2756,1,0,0,1
2757,1,0,1,69
2758,0,0,0,5
2759,0,0,0,1
2760,0,0,0,26
2761,1,1,0,10
2762,0,0,0,25
2763,0,0,1,64
2764,0,0,1,30
2765,0,0,0,13
2766,1,0,0,64
2767,1,0,1,46
2768,1,0,0,12
2769,1,0,0,15
2770,0,0,1,17
2771,1,0,1,13
2772,1,0,1,67
2773,0,0,0,24
2774,0,0,0,6
2775,0,1,0,53
2776,0,1,0,16
2777,0,0,0,10
2778,1,0,0,13
2779,0,0,0,9
2780,1,0,0,25
2781,0,1,0,7
2782,0,0,1,38
2783,1,0,0,43
2784,1,0,1,4
2785,1,0,0,25
2786,0,0,1,27
2787,0,0,1,72
2788,0,0,1,71
2789,1,0,0,24
2790,1,0,0,50
2791,0,0,0,57
2792,1,0,0,15
2793,0,0,0,4
2794,1,0,0,28
2795,1,1,0,9
2796,1,0,0,55
2797,0,0,0,3
2798,0,0,0,10
2799,0,0,1,55
2800,1,0,1,20
2801,1,0,1,62
2802,0,1,0,32
2803,1,0,0,43
2804,0,0,0,9
2805,1,0,0,60
2806,0,0,0,58
2807,0,0,1,7
2808,0,0,1,2
2809,0,1,0,37
2810,1,1,1,65
2811,1,0,1,39
2812,0,0,0,66
2813,0,0,0,68
2814,1,0,1,62
2815,0,0,0,3
2816,1,0,0,72
2817,1,0,0,41
2818,0,0,1,29
2819,1,0,0,4
2820,0,0,0,53
2821,0,1,0,1
2822,1,0,1,41
2823,0,0,0,39
2824,0,0,0,63
2825,0,0,0,15
2826,1,0,0,13
2827,0,0,0,1
2828,0,0,0,1
2829,0,1,0,8
2830,0,0,0,60
2831,1,1,0,12
2832,0,0,0,40
2833,1,0,0,66
2834,0,0,1,42
2835,1,1,0,66
2836,0,0,0,49
2837,1,0,0,1
2838,1,0,0,41
2839,1,0,1,41
2840,1,0,1,23
2841,0,0,0,3
2842,1,0,0,4
2843,1,0,1,52
2844,1,1,0,4
2845,1,0,0,11
2846,1,0,0,2
2847,1,0,0,26
2848,0,0,1,24
2849,1,0,0,12
2850,0,1,0,60
2851,1,0,1,64
2852,0,0,0,66
2853,1,0,0,60
2854,0,0,1,17
2855,0,0,1,42
2856,0,0,0,1
2857,1,0,1,47
2858,1,0,0,10
2859,0,1,0,70
2860,0,1,0,67
2861,1,0,0,1
2862,0,0,0,7
2863,0,0,0,1
2864,0,0,0,4
2865,1,0,1,66
2866,1,0,0,12
2867,1,0,0,24
2868,0,0,0,26
2869,1,0,0,6
2870,0,0,0,57
2871,0,0,0,14
2872,1,0,1,42
2873,0,0,0,25
2874,1,0,0,64
2875,0,0,0,22
2876,0,0,0,19
2877,1,0,1,61
2878,0,0,0,22
2879,0,1,0,70
2880,0,0,0,12
2881,1,0,0,31
2882,1,0,0,11
2883,0,0,1,68
2884,1,1,1,72
2885,0,1,0,67
2886,1,0,0,60
2887,0,0,0,1
2888,1,1,1,1
2889,0,0,1,58
2890,1,1,1,47
2891,1,0,0,1
2892,0,0,0,1
2893,0,0,0,22
2894,1,0,0,48
2895,1,0,0,37
2896,0,0,0,13
2897,0,0,0,43
2898,1,0,0,6
2899,0,0,0,71
2900,1,1,1,1
2901,1,0,1,72
2902,1,1,0,6
2903,0,0,1,12
2904,0,0,0,25
2905,1,0,0,21
2906,1,0,1,6
2907,0,0,0,20
2908,0,0,0,18
2909,1,0,0,43
2910,1,0,1,35
2911,1,0,0,1
2912,0,1,0,32
2913,0,0,0,52
2914,0,0,0,32
2915,1,0,1,72
2916,0,0,0,51
2917,0,0,1,68
2918,0,1,0,8
2919,0,0,0,49
2920,1,0,0,72
2921,0,0,0,9
2922,1,0,0,28
2923,0,0,0,54
2924,0,0,0,11
2925,1,0,1,50
2926,1,0,0,69
2927,0,0,0,1
2928,0,0,1,68
2929,0,0,1,40
2930,0,0,1,31
2931,1,1,1,33
2932,0,1,0,55
2933,0,0,1,68
2934,1,0,1,12
2935,0,0,0,71
2936,0,0,0,40
2937,1,0,1,64
2938,0,0,0,53
2939,0,1,0,12
2940,0,1,0,53
2941,0,0,0,72
2942,0,0,0,46
2943,0,0,0,40
2944,0,0,0,12
2945,0,0,0,9
2946,1,0,1,51
2947,0,0,1,49
2948,0,1,0,41
2949,1,0,0,56
2950,0,0,0,4
2951,0,0,0,20
2952,1,0,1,26
2953,1,0,1,20
2954,1,0,0,7
2955,0,0,0,7
2956,0,0,0,51
2957,1,0,0,4
2958,1,0,0,1
2959,0,0,1,27
2960,0,0,0,22
2961,0,0,0,12
2962,1,0,1,3
2963,1,0,1,34
2964,0,0,0,24
2965,0,0,0,51
2966,1,1,0,14
2967,0,0,0,59
2968,0,0,0,3
2969,1,0,1,65
2970,0,1,0,5
2971,1,0,1,59
2972,0,0,1,72
2973,1,0,1,62
2974,0,0,0,28
2975,0,0,0,3
2976,0,0,1,19
2977,0,0,0,1
2978,0,0,0,24
2979,0,1,0,57
2980,1,0,0,72
2981,0,0,0,67
2982,0,0,1,52
2983,0,0,1,71
2984,1,0,0,26
2985,1,0,0,35
2986,1,0,1,55
2987,1,0,1,33
2988,0,0,0,72
2989,0,0,1,1
2990,0,0,0,10
2991,1,1,0,37
2992,0,0,0,12
2993,0,0,1,1
2994,0,0,0,62
2995,1,0,0,1
2996,1,0,0,18
2997,0,1,0,69
2998,0,0,0,2
2999,0,0,1,19
3000,0,0,0,12
3001,0,0,0,9
3002,0,0,0,27
3003,0,0,1,27
3004,0,0,1,1
3005,1,1,0,24
3006,0,1,0,14
3007,1,1,0,32
3008,1,0,0,11
3009,0,0,0,1
3010,0,1,1,38
3011,1,0,1,9
3012,0,0,1,54
3013,1,0,0,29
3014,0,1,0,44
3015,0,0,1,59
3016,1,0,0,3
3017,1,0,1,18
3018,0,1,0,67
3019,1,0,1,22
3020,0,0,1,33
3021,0,0,0,5
3022,1,0,0,2
3023,0,0,1,72
3024,0,0,1,9
3025,0,0,1,67
3026,1,0,0,16
3027,1,0,0,8
3028,0,0,0,5
3029,0,0,1,23
3030,0,0,0,1
3031,1,1,0,50
3032,0,0,0,17
3033,1,0,0,68
3034,0,0,0,1
3035,1,1,0,25
3036,0,0,0,67
3037,0,0,0,32
3038,1,1,0,67
3039,0,1,0,72
3040,0,0,0,71
3041,0,0,1,1
3042,0,0,0,46
3043,1,1,0,2
3044,1,0,0,1
3045,1,0,0,48
3046,1,0,0,61
3047,1,0,0,32
3048,1,0,0,2
3049,1,0,0,3
3050,1,0,0,5
3051,1,0,1,71
3052,0,0,0,37
3053,0,0,1,65
3054,1,0,1,67
3055,0,0,1,49
3056,0,0,1,50
3057,0,0,1,25
3058,1,0,1,17
3059,1,0,1,64
3060,0,0,0,25
3061,0,1,0,23
3062,0,1,0,24
3063,1,0,0,37
3064,1,0,0,21
3065,0,0,0,1
3066,1,0,0,10
3067,0,0,0,6
3068,0,0,0,51
3069,1,0,0,10
3070,1,0,0,6
3071,0,0,1,47
3072,1,0,1,61
3073,1,0,0,52
3074,1,0,1,35
3075,0,0,0,71
3076,1,0,0,6
3077,0,0,0,45
3078,1,1,0,2
3079,1,0,0,4
3080,0,0,0,2
3081,0,0,0,4
3082,0,0,0,51
3083,0,0,1,60
3084,0,0,0,9
3085,0,0,0,3
3086,0,0,0,17
3087,1,0,0,8
3088,0,0,1,46
3089,1,0,0,68
3090,0,0,0,1
3091,1,0,0,4
3092,1,0,0,1
3093,0,0,1,28
3094,1,0,0,39
3095,0,0,0,11
3096,1,0,0,71
3097,0,0,1,2
3098,0,1,0,30
3099,1,0,0,17
3100,1,0,0,55
3101,1,0,0,58
3102,1,0,0,5
3103,1,1,0,1
3104,0,1,0,9
3105,0,0,0,26
3106,1,0,0,50
3107,1,0,0,72
3108,1,0,1,43
3109,0,0,0,56
3110,1,0,0,1
3111,0,0,1,72
3112,0,0,0,72
3113,0,0,0,36
3114,0,0,0,5
3115,1,0,0,13
3116,1,1,0,44
3117,1,1,1,70
3118,0,0,0,44
3119,1,1,0,32
3120,1,0,0,69
3121,1,1,0,16
3122,0,1,1,68
3123,0,0,0,16
3124,0,0,1,68
3125,0,0,0,4
3126,1,0,1,26
3127,1,0,0,29
3128,0,0,1,5
3129,0,0,0,70
3130,0,0,0,24
3131,1,1,0,72
3132,0,0,0,1
3133,0,0,0,70
3134,1,0,1,36
3135,1,1,0,38
3136,1,0,0,17
3137,1,0,1,41
3138,1,0,0,1
3139,0,0,0,2
3140,0,0,0,14
3141,0,1,0,2
3142,0,0,0,1
3143,0,0,1,13
3144,0,0,0,6
3145,1,0,0,4
3146,1,0,1,5
3147,1,0,0,15
3148,1,0,0,47
3149,1,0,0,8
3150,0,0,0,17
3151,0,0,1,15
3152,1,0,0,26
3153,1,0,0,23
3154,1,1,0,4
3155,0,0,1,29
3156,1,0,0,25
3157,0,0,0,9
3158,0,0,0,18
3159,0,1,0,3
3160,1,0,1,69
3161,0,0,0,14
3162,0,0,0,19
3163,0,1,0,39
3164,0,0,0,31
3165,0,0,1,24
3166,0,0,0,14
3167,1,0,0,64
3168,1,0,0,50
3169,0,0,1,52
3170,0,0,0,28
3171,1,0,0,21
3172,0,0,1,25
3173,1,0,0,17
3174,0,0,0,58
3175,0,1,0,17
3176,1,0,0,51
3177,0,0,1,72
3178,0,0,0,52
3179,1,0,0,27
3180,1,0,0,3
3181,1,0,0,64
3182,1,0,0,45
3183,0,1,0,3
3184,1,0,0,71
3185,1,1,0,1
3186,1,0,1,58
3187,0,0,1,34
3188,1,0,0,8
3189,1,0,1,15
3190,0,0,1,66
3191,0,1,0,12
3192,0,0,0,58
3193,1,0,1,3
3194,1,1,0,43
3195,1,0,0,9
3196,1,0,0,3
3197,1,0,1,22
3198,0,0,0,40
3199,1,0,0,68
3200,0,0,0,54
3201,1,0,0,50
3202,0,0,0,1
3203,1,0,0,72
3204,0,0,1,40
3205,1,0,1,72
3206,1,0,0,6
3207,1,0,0,5
3208,0,0,0,48
3209,1,0,0,1
3210,1,0,1,64
3211,1,0,0,17
3212,0,0,0,40
3213,1,0,1,41
3214,0,1,0,51
3215,0,0,0,41
3216,1,0,1,1
3217,1,0,0,2
3218,0,0,0,68
3219,1,0,1,24
3220,0,0,0,70
3221,0,0,0,3
3222,0,0,0,2
3223,0,0,0,3
3224,1,0,0,7
3225,1,0,0,13
3226,0,0,0,7
3227,0,0,1,12
3228,0,0,1,53
3229,1,0,0,12
3230,0,0,1,63
3231,1,0,0,15
3232,0,0,1,36
3233,0,1,0,4
3234,1,0,1,24
3235,1,0,0,61
3236,0,0,0,16
3237,0,0,1,65
3238,1,0,1,26
3239,0,0,0,16
3240,1,0,0,54
3241,0,0,0,1
3242,0,0,1,5
3243,1,0,0,19
3244,0,0,0,10
3245,1,0,1,23
3246,0,0,0,3
3247,1,0,0,72
3248,0,1,0,10
3249,1,0,1,10
3250,0,0,0,11
3251,1,1,0,37
3252,0,0,1,17
3253,1,0,1,36
3254,0,1,0,17
3255,1,1,1,66
3256,0,0,1,61
3257,0,0,0,22
3258,0,0,0,1
3259,1,0,0,6
3260,0,0,0,31
3261,1,0,1,68
3262,1,0,1,34
3263,1,0,1,52
3264,1,0,1,10
3265,0,0,1,29
3266,1,0,1,72
3267,0,0,1,47
3268,0,0,1,24
3269,0,0,0,65
3270,1,0,0,4
3271,0,1,0,12
3272,0,0,0,1
3273,0,0,0,33
3274,1,0,0,34
3275,1,0,0,14
3276,1,0,0,4
3277,0,0,1,13
3278,1,0,1,65
3279,0,0,1,23
3280,0,0,0,55
3281,0,0,0,49
3282,0,0,0,60
3283,1,0,1,69
3284,0,0,0,40
3285,0,0,0,67
3286,0,1,0,35
3287,0,0,1,19
3288,1,0,1,13
3289,1,0,1,41
3290,1,0,0,4
3291,1,0,1,24
3292,1,0,0,5
3293,1,0,0,5
3294,1,0,1,1
3295,1,0,1,72
3296,1,0,0,24
3297,1,0,0,42
3298,1,0,0,4
3299,0,0,0,68
3300,1,0,1,33
3301,1,1,0,1
3302,0,0,0,31
3303,1,0,0,4
3304,0,1,0,69
3305,0,1,0,38
3306,1,0,1,3
3307,1,0,1,48
3308,1,0,0,15
3309,1,0,0,25
3310,1,1,0,1
3311,1,0,0,48
3312,0,0,0,1
3313,0,0,0,1
3314,1,0,0,37
3315,0,1,0,66
3316,1,0,0,26
3317,0,0,0,63
3318,0,0,0,10
3319,1,0,0,2
3320,0,1,0,18
3321,1,0,0,64
3322,1,1,0,9
3323,1,0,1,28
3324,1,0,0,1
3325,0,0,0,4
3326,0,1,0,38
3327,0,0,0,66
3328,1,0,0,1
3329,1,0,0,18
3330,0,1,0,51
3331,0,0,1,0
3332,0,0,0,1
3333,0,0,1,12
3334,1,0,0,41
3335,0,0,0,12
3336,1,0,1,55
3337,1,0,0,7
3338,1,0,0,12
3339,1,0,1,68
3340,1,1,0,5
3341,1,1,0,49
3342,0,0,0,40
3343,1,0,0,16
3344,0,0,0,10
3345,1,0,0,72
3346,1,1,0,2
3347,0,0,1,23
3348,1,1,0,71
3349,1,0,0,11
3350,0,0,0,1
3351,1,0,0,16
3352,1,0,0,1
3353,0,0,0,12
3354,1,0,0,54
3355,1,0,0,68
3356,1,0,1,4
3357,1,0,1,1
3358,0,0,0,27
3359,0,0,0,21
3360,0,0,0,13
3361,1,1,0,64
3362,1,0,0,1
3363,0,0,0,57
3364,1,0,0,21
3365,0,0,0,19
3366,0,0,0,31
3367,0,0,0,52
3368,1,0,0,46
3369,1,1,0,11
3370,1,0,1,53
3371,1,0,1,11
3372,0,1,0,57
3373,1,1,0,2
3374,1,1,0,2
3375,1,0,1,71
3376,1,0,1,1
3377,0,0,0,68
3378,0,0,0,72
3379,1,0,0,2
3380,0,1,0,1
3381,1,0,0,41
3382,0,0,1,72
3383,0,0,0,6
3384,1,0,1,4
3385,0,0,0,12
3386,1,0,0,58
3387,1,0,0,7
3388,1,0,0,65
3389,0,0,0,1
3390,0,0,0,56
3391,0,0,0,4
3392,1,0,1,58
3393,0,0,0,62
3394,0,0,0,26
3395,0,0,0,62
3396,1,0,1,58
3397,1,0,0,68
3398,1,0,1,61
3399,1,0,0,42
3400,0,0,0,18
3401,1,0,0,56
3402,1,0,0,4
3403,1,0,0,4
3404,1,0,1,35
3405,1,0,1,64
3406,1,0,0,31
3407,1,1,0,67
3408,1,0,0,4
3409,1,1,0,70
3410,0,0,0,3
3411,0,1,0,53
3412,0,0,1,2
3413,1,0,1,29
3414,1,0,0,47
3415,1,0,1,68
3416,0,0,1,12
3417,1,0,1,8
3418,0,0,0,54
3419,0,0,1,69
3420,1,0,0,26
3421,1,0,0,72
3422,1,0,0,70
3423,0,0,1,1
3424,0,0,0,10
3425,1,0,1,28
3426,0,0,0,1
3427,1,0,0,21
3428,0,1,0,51
3429,1,0,1,53
3430,0,0,1,53
3431,0,0,0,24
3432,1,0,0,70
3433,0,0,0,61
3434,1,0,0,11
3435,0,0,0,2
3436,0,0,0,25
3437,1,0,0,41
3438,0,0,0,18
3439,0,1,0,72
3440,1,0,1,71
3441,1,0,1,34
3442,0,0,0,29
3443,0,1,0,40
3444,0,0,0,36
3445,1,0,0,46
3446,1,0,0,58
3447,0,0,0,39
3448,0,0,1,4
3449,1,0,1,52
3450,0,1,0,70
3451,0,1,0,65
3452,0,0,0,1
3453,1,0,0,70
3454,1,1,1,29
3455,0,0,0,1
3456,1,0,0,67
3457,1,0,0,1
3458,1,0,0,26
3459,1,0,1,30
3460,1,0,0,48
3461,1,0,1,55
3462,0,0,0,7
3463,0,0,0,37
3464,1,0,0,31
3465,0,0,0,4
3466,0,0,1,72
3467,0,1,0,5
3468,0,0,1,1
3469,1,1,0,15
3470,0,0,1,8
3471,1,0,0,35
3472,1,1,0,56
3473,0,0,0,42
3474,0,1,1,65
3475,1,0,1,2
3476,0,1,0,65
3477,1,0,0,18
3478,1,0,0,23
3479,1,0,0,4
3480,0,0,0,70
3481,1,0,0,4
3482,0,0,0,19
3483,1,0,0,18
3484,1,1,0,38
3485,0,0,0,2
3486,0,0,0,47
3487,1,0,1,52
3488,0,0,0,9
3489,1,0,0,26
3490,0,0,1,8
3491,0,0,0,44
3492,1,0,0,3
3493,0,0,0,2
3494,1,0,1,9
3495,0,1,0,1
3496,0,0,0,25
3497,1,1,0,2
3498,0,0,0,43
3499,1,0,0,1
3500,1,0,0,58
3501,1,0,1,59
3502,0,0,0,44
3503,0,0,0,66
3504,0,0,1,68
3505,0,0,0,9
3506,0,0,0,19
3507,0,0,0,4
3508,1,0,0,70
3509,0,0,0,1
3510,1,0,0,8
3511,0,0,0,53
3512,0,1,0,51
3513,0,0,1,11
3514,0,0,1,60
3515,0,0,0,17
3516,0,0,0,3
3517,0,0,0,70
3518,0,0,0,1
3519,0,1,0,43
3520,1,0,0,16
3521,1,0,1,57
3522,0,0,1,37
3523,1,0,0,72
3524,1,1,0,11
3525,1,1,0,50
3526,0,1,0,5
3527,0,0,0,1
3528,0,0,0,16
3529,0,1,0,2
3530,1,0,0,17
3531,1,0,0,16
3532,1,0,0,15
3533,1,0,0,10
3534,1,0,1,46
3535,0,0,1,64
3536,1,0,0,1
3537,0,0,1,25
3538,0,0,1,71
3539,0,0,0,8
3540,1,0,1,72
3541,1,0,0,49
3542,0,0,1,29
3543,0,0,0,72
3544,0,0,0,31
3545,1,0,0,50
3546,0,0,0,71
3547,0,1,0,70
3548,0,0,0,71
3549,0,0,1,61
3550,0,0,0,32
3551,1,0,1,1
3552,0,0,0,68
3553,0,0,0,62
3554,1,0,1,7
3555,0,0,0,20
3556,0,0,1,6
3557,1,1,0,33
3558,0,0,1,28
3559,0,0,0,27
3560,0,0,0,7
3561,0,0,0,26
3562,0,1,0,5
3563,0,1,0,30
3564,0,0,0,63
3565,0,0,0,1
3566,1,0,1,53
3567,1,0,1,14
3568,1,0,0,21
3569,0,0,0,17
3570,0,0,1,16
3571,1,0,0,35
3572,1,1,0,32
3573,1,0,1,28
3574,1,0,0,1
3575,0,0,0,59
3576,1,0,1,72
3577,0,0,0,36
3578,1,0,0,40
3579,0,0,1,40
3580,1,0,1,9
3581,0,0,1,63
3582,1,0,0,3
3583,0,0,1,40
3584,0,0,0,8
3585,0,1,0,34
3586,0,0,0,5
3587,0,1,0,9
3588,0,0,0,9
3589,0,0,1,31
3590,1,0,0,50
3591,1,0,0,2
3592,1,0,0,1
3593,0,0,0,8
3594,1,0,0,9
3595,1,1,0,2
3596,1,0,0,3
3597,0,0,0,25
3598,0,1,0,1
3599,1,0,1,45
3600,0,1,1,51
3601,1,0,1,55
3602,1,0,0,38
3603,0,0,0,2
3604,0,0,1,38
3605,0,0,0,34
3606,1,0,0,70
3607,1,0,0,13
3608,0,0,0,39
3609,1,0,0,61
3610,1,0,0,12
3611,0,0,0,41
3612,0,0,0,21
3613,0,1,0,55
3614,0,0,0,69
3615,0,1,1,26
3616,1,1,0,69
3617,1,1,0,18
3618,0,0,1,47
3619,1,0,1,72
3620,0,1,0,33
3621,1,0,1,2
3622,1,0,1,72
3623,0,1,0,37
3624,1,1,1,62
3625,1,0,0,71
3626,0,0,1,23
3627,1,0,0,16
3628,0,0,0,9
3629,0,0,1,17
3630,1,0,0,4
3631,1,1,0,1
3632,1,0,0,24
3633,1,1,0,1
3634,0,1,0,72
3635,1,0,0,72
3636,1,0,1,11
3637,0,0,0,9
3638,1,1,0,2
3639,1,1,0,60
3640,0,1,0,29
3641,1,0,0,49
3642,1,1,0,30
3643,1,0,0,53
3644,0,0,1,39
3645,1,0,0,9
3646,0,0,0,39
3647,0,1,0,8
3648,1,0,1,51
3649,0,0,1,71
3650,0,1,0,71
3651,1,1,0,70
3652,1,1,0,1
3653,0,0,0,38
3654,1,0,0,28
3655,1,0,0,32
3656,0,1,0,49
3657,1,0,1,37
3658,1,0,0,10
3659,0,0,0,67
3660,0,0,0,7
3661,1,0,0,51
3662,1,0,0,9
3663,1,0,0,9
3664,0,0,0,4
3665,0,0,0,71
3666,1,0,1,50
3667,1,1,1,24
3668,0,0,0,22
3669,0,0,0,44
3670,1,0,1,33
3671,1,0,0,1
3672,1,0,0,54
3673,0,0,0,42
3674,1,0,0,1
3675,1,0,0,1
3676,0,0,0,30
3677,1,0,0,1
3678,0,0,1,16
3679,0,0,0,1
3680,0,0,0,9
3681,0,1,0,46
3682,0,0,0,1
3683,0,0,0,71
3684,0,0,0,43
3685,0,0,0,50
3686,1,0,0,13
3687,0,0,1,19
3688,1,0,0,41
3689,1,1,0,1
3690,1,0,0,24
3691,1,0,0,40
3692,1,0,1,3
3693,1,0,0,37
3694,1,0,1,67
3695,1,0,1,32
3696,1,0,0,6
3697,1,0,1,32
3698,1,0,0,59
3699,1,0,0,30
3700,0,0,1,20
3701,1,0,1,27
3702,1,1,0,20
3703,0,0,1,9
3704,1,0,1,68
3705,1,0,1,69
3706,0,0,0,26
3707,0,0,1,69
3708,0,0,0,11
3709,0,0,0,1
3710,0,0,1,10
3711,1,0,1,55
3712,0,0,0,44
3713,0,1,0,46
3714,0,0,1,69
3715,0,1,0,11
3716,1,0,0,11
3717,0,0,0,29
3718,1,0,0,57
3719,0,0,0,28
3720,1,0,0,42
3721,1,0,0,2
3722,0,0,1,23
3723,1,0,1,18
3724,0,0,1,62
3725,1,0,0,1
3726,0,0,0,16
3727,1,0,0,3
3728,0,0,0,67
3729,0,0,0,62
3730,1,0,0,57
3731,0,0,0,2
3732,1,0,1,23
3733,1,0,1,25
3734,1,1,0,72
3735,1,0,0,2
3736,1,0,0,8
3737,1,0,0,5
3738,0,0,0,35
3739,0,0,0,24
3740,1,0,1,2
3741,0,0,1,72
3742,1,0,0,41
3743,0,0,1,4
3744,0,0,0,26
3745,0,0,0,7
3746,1,0,0,1
3747,1,0,1,4
3748,0,0,0,48
3749,0,1,0,2
3750,1,1,0,12
3751,0,0,0,60
3752,0,0,0,55
3753,0,0,0,1
3754,0,0,0,1
3755,0,0,0,4
3756,0,0,0,1
3757,1,0,0,42
3758,1,0,0,1
3759,0,0,0,7
3760,0,0,0,3
3761,1,0,0,72
3762,0,0,0,15
3763,0,0,0,4
3764,1,0,0,11
3765,1,0,0,5
3766,1,1,0,1
3767,0,0,0,72
3768,1,0,0,55
3769,1,0,1,40
3770,1,0,0,57
3771,0,0,0,1
3772,0,0,0,1
3773,1,0,0,1
3774,0,1,1,52
3775,0,1,0,41
3776,0,0,0,43
3777,1,0,1,47
3778,0,0,0,3
3779,0,1,1,66
3780,0,0,1,55
3781,0,0,0,29
3782,1,0,1,12
3783,1,0,0,66
3784,0,1,0,35
3785,0,1,0,10
3786,0,0,1,27
3787,1,0,0,58
3788,0,0,0,54
3789,0,0,0,9
3790,0,0,0,2
3791,0,0,0,6
3792,1,1,0,26
3793,1,0,0,9
3794,0,0,0,8
3795,0,0,0,12
3796,1,0,0,15
3797,0,0,0,43
3798,0,0,0,42
3799,1,0,0,31
3800,1,0,1,66
3801,1,1,0,18
3802,0,0,0,1
3803,0,0,0,61
3804,0,0,0,10
3805,0,1,0,1
3806,1,1,0,18
3807,0,0,0,24
3808,1,0,1,3
3809,0,0,0,50
3810,0,0,1,1
3811,0,0,0,2
3812,0,0,0,17
3813,0,0,1,69
3814,0,0,0,72
3815,1,0,0,3
3816,0,1,1,50
3817,1,0,0,53
3818,1,0,0,58
3819,0,0,0,46
3820,0,1,0,72
3821,1,1,0,1
3822,1,0,1,6
3823,0,0,0,72
3824,0,0,0,4
3825,1,0,1,52
3826,0,0,1,0
3827,1,0,0,2
3828,1,0,0,65
3829,0,1,0,43
3830,0,0,0,4
3831,0,1,0,25
3832,1,0,0,51
3833,0,0,0,12
3834,1,0,1,57
3835,1,0,1,24
3836,1,0,0,64
3837,1,0,0,4
3838,1,0,0,26
3839,1,0,1,15
3840,0,1,0,64
3841,0,1,0,36
3842,1,0,0,27
3843,0,1,0,1
3844,1,0,0,35
3845,0,0,0,4
3846,1,0,1,8
3847,0,0,0,10
3848,1,0,0,2
3849,1,0,0,58
3850,0,0,0,51
3851,1,0,1,46
3852,0,0,0,1
3853,0,0,0,46
3854,1,0,0,50
3855,0,0,1,53
3856,0,0,0,61
3857,0,0,0,5
3858,0,0,0,47
3859,1,0,0,54
3860,0,0,1,19
3861,1,0,1,26
3862,0,0,1,70
3863,0,0,0,17
3864,1,0,0,30
3865,1,0,1,1
3866,1,0,1,19
3867,1,0,0,26
3868,1,0,1,21
3869,0,0,0,50
3870,1,0,0,68
3871,0,0,0,3
3872,0,0,1,9
3873,1,0,1,51
3874,1,0,0,9
3875,0,1,1,41
3876,0,0,0,22
3877,1,0,1,21
3878,0,0,1,71
3879,0,0,0,1
3880,0,0,1,26
3881,0,0,0,71
3882,0,0,0,4
3883,1,0,0,12
3884,1,0,0,18
3885,1,0,0,3
3886,1,1,0,72
3887,0,0,0,11
3888,1,0,0,1
3889,0,0,0,13
3890,1,0,0,72
3891,0,0,0,42
3892,1,0,0,17
3893,1,1,0,7
3894,1,0,0,68
3895,0,0,1,56
3896,1,0,1,38
3897,1,0,1,72
3898,1,0,0,48
3899,1,1,0,52
3900,1,0,1,35
3901,0,0,0,67
3902,1,0,0,1
3903,0,0,0,53
3904,0,0,1,34
3905,1,0,0,3
3906,1,0,0,1
3907,0,0,0,19
3908,1,1,0,60
3909,0,0,0,11
3910,1,0,0,47
3911,0,0,0,18
3912,1,0,1,60
3913,0,0,0,72
3914,0,0,0,39
3915,1,0,0,59
3916,0,0,1,2
3917,0,1,0,1
3918,0,0,1,20
3919,1,0,0,6
3920,0,0,0,71
3921,1,0,0,24
3922,0,1,0,67
3923,0,0,0,1
3924,1,0,1,48
3925,1,0,0,37
3926,0,0,0,11
3927,0,0,0,3
3928,1,0,0,18
3929,0,0,1,50
3930,1,0,1,67
3931,1,0,0,25
3932,1,1,0,2
3933,0,0,0,9
3934,1,0,1,10
3935,1,0,0,70
3936,0,0,0,9
3937,1,0,0,4
3938,1,0,0,2
3939,1,0,1,1
3940,0,0,0,19
3941,0,0,1,7
3942,0,0,0,1
3943,0,1,0,1
3944,1,0,1,9
3945,1,0,0,3
3946,1,0,0,9
3947,1,0,0,5
3948,1,0,1,56
3949,1,0,1,18
3950,0,1,0,49
3951,0,0,0,70
3952,1,0,0,72
3953,1,1,0,6
3954,0,1,0,17
3955,0,0,0,29
3956,1,0,0,6
3957,0,0,0,63
3958,0,0,0,16
3959,0,0,0,59
3960,1,0,0,3
3961,1,0,0,8
3962,1,1,0,7
3963,1,0,0,68
3964,1,0,1,68
3965,1,1,0,52
3966,0,0,1,72
3967,1,0,0,32
3968,1,0,0,72
3969,0,0,1,1
3970,0,0,1,42
3971,1,0,0,25
3972,0,0,0,45
3973,1,0,1,43
3974,0,0,0,37
3975,1,1,0,20
3976,1,0,0,4
3977,0,0,0,63
3978,0,0,0,3
3979,0,0,1,66
3980,0,0,0,28
3981,1,1,0,8
3982,0,0,1,71
3983,0,0,0,1
3984,1,0,1,72
3985,0,1,0,16
3986,0,0,0,66
3987,1,0,0,11
3988,0,0,0,51
3989,1,0,1,8
3990,0,0,0,14
3991,1,0,0,4
3992,1,0,0,70
3993,1,0,1,70
3994,1,1,0,54
3995,0,0,1,28
3996,0,0,0,24
3997,1,0,0,69
3998,0,0,1,42
3999,1,1,0,2
4000,1,1,0,39
4001,0,0,1,45
4002,0,0,1,72
4003,1,0,0,38
4004,0,0,0,72
4005,0,0,0,1
4006,0,0,1,72
4007,0,0,0,55
4008,1,0,1,51
4009,0,0,0,63
4010,1,0,0,1
4011,1,0,1,23
4012,1,0,0,1
4013,1,0,0,2
4014,1,1,0,52
4015,1,0,0,36
4016,1,0,0,1
4017,1,0,0,28
4018,1,0,1,7
4019,0,0,0,14
4020,0,1,0,72
4021,1,0,1,1
4022,1,0,0,10
4023,0,0,0,42
4024,1,0,0,7
4025,0,0,0,4
4026,0,0,1,72
4027,1,0,0,20
4028,0,0,0,63
4029,1,0,0,56
4030,1,0,1,5
4031,1,0,0,72
4032,0,1,1,68
4033,0,0,1,67
4034,0,0,1,8
4035,0,0,1,52
4036,1,0,1,18
4037,1,0,1,59
4038,1,0,0,60
4039,0,0,0,7
4040,0,0,1,59
4041,0,0,0,46
4042,0,0,0,5
4043,0,1,0,59
4044,1,0,0,70
4045,1,0,0,14
4046,1,0,0,44
4047,1,0,0,64
4048,1,0,1,58
4049,1,1,0,46
4050,0,1,0,58
4051,1,0,0,72
4052,1,1,0,30
4053,0,1,0,11
4054,1,1,0,34
4055,0,0,0,54
4056,1,0,0,3
4057,1,0,1,72
4058,1,0,1,40
4059,1,0,1,2
4060,0,0,1,54
4061,1,0,0,14
4062,1,0,0,1
4063,1,0,0,10
4064,1,0,0,1
4065,0,0,0,1
4066,0,0,0,56
4067,1,0,0,68
4068,1,0,1,14
4069,0,0,1,68
4070,0,1,0,55
4071,1,0,0,16
4072,0,1,0,9
4073,0,0,1,14
4074,0,1,0,58
4075,0,0,0,53
4076,0,0,0,70
4077,1,1,1,14
4078,0,0,1,22
4079,1,0,0,10
4080,1,0,1,29
4081,1,0,0,1
4082,0,0,0,49
4083,1,1,0,68
4084,1,0,0,1
4085,1,0,0,30
4086,1,0,0,72
4087,1,0,0,10
4088,0,0,0,7
4089,1,0,0,9
4090,1,0,1,1
4091,1,0,0,20
4092,1,0,0,1
4093,1,0,0,29
4094,0,0,0,1
4095,0,0,0,3
4096,1,0,0,20
4097,0,0,1,64
4098,0,0,0,1
4099,1,0,0,6
4100,0,0,0,50
4101,0,0,0,6
4102,0,0,1,7
4103,0,0,1,72
4104,0,0,0,8
4105,1,0,1,67
4106,1,1,0,24
4107,1,0,0,72
4108,0,0,1,33
4109,0,0,0,2
4110,0,0,0,70
4111,1,0,0,22
4112,1,0,0,59
4113,0,0,0,36
4114,1,0,1,51
4115,0,0,0,53
4116,1,0,1,20
4117,0,0,0,63
4118,1,0,0,40
4119,0,0,0,35
4120,0,0,1,26
4121,0,1,0,27
4122,0,0,1,53
4123,0,1,0,34
4124,1,1,0,19
4125,0,0,0,43
4126,0,0,1,6
4127,0,0,1,56
4128,0,0,0,57
4129,0,0,1,34
4130,1,0,0,10
4131,1,0,0,1
4132,1,0,0,13
4133,0,0,0,56
4134,1,0,0,55
4135,1,0,1,36
4136,0,0,0,47
4137,1,0,1,12
4138,1,0,0,1
4139,0,1,0,24
4140,1,0,0,63
4141,1,1,0,35
4142,1,0,0,67
4143,0,0,0,25
4144,0,0,0,21
4145,1,0,0,13
4146,0,0,0,35
4147,0,1,0,71
4148,1,0,0,29
4149,0,0,0,71
4150,0,1,0,7
4151,1,1,0,57
4152,0,0,0,65
4153,0,0,0,27
4154,0,0,0,6
4155,1,1,0,72
4156,0,0,0,1
4157,0,0,0,11
4158,0,0,1,39
4159,1,1,0,59
4160,0,0,0,26
4161,0,1,0,2
4162,1,0,1,72
4163,0,0,0,65
4164,0,0,1,72
4165,0,0,0,6
4166,0,1,0,32
4167,1,0,0,50
4168,0,0,0,61
4169,1,0,0,15
4170,0,0,0,72
4171,0,0,0,9
4172,1,0,0,1
4173,1,0,0,12
4174,1,0,0,37
4175,0,0,1,61
4176,0,0,1,18
4177,0,0,1,21
4178,0,0,1,68
4179,0,1,0,12
4180,1,1,0,2
4181,1,0,0,62
4182,1,1,0,29
4183,0,0,1,1
4184,0,1,0,5
4185,1,0,0,1
4186,0,0,1,62
4187,1,0,1,36
4188,1,1,0,28
4189,1,0,1,69
4190,1,0,0,11
4191,1,0,0,63
4192,0,0,0,23
4193,0,0,0,10
4194,1,0,0,71
4195,1,1,0,45
4196,1,0,1,70
4197,1,0,1,22
4198,1,0,1,52
4199,0,0,0,55
4200,1,0,0,65
4201,1,0,1,72
4202,0,0,0,10
4203,1,0,1,7
4204,0,1,0,5
4205,1,0,1,24
4206,1,0,1,72
4207,0,0,0,21
4208,0,0,0,69
4209,0,0,1,44
4210,1,1,1,61
4211,0,1,0,24
4212,1,0,0,1
4213,1,0,0,6
4214,0,0,0,4
4215,0,0,0,72
4216,0,0,0,72
4217,0,1,0,14
4218,0,0,0,7
4219,1,0,0,48
4220,0,0,1,55
4221,0,0,0,1
4222,0,0,0,45
4223,0,0,0,3
4224,1,0,0,71
4225,0,0,0,8
4226,1,0,0,3
4227,0,0,1,69
4228,0,0,1,1
4229,1,1,0,72
4230,0,0,0,11
4231,0,0,0,71
4232,1,0,0,1
4233,1,0,0,33
4234,1,0,0,16
4235,1,1,0,56
4236,1,0,0,1
4237,0,0,0,5
4238,0,0,1,57
4239,0,0,1,56
4240,0,0,0,8
4241,1,0,1,22
4242,1,0,0,1
4243,1,0,1,40
4244,0,0,1,46
4245,0,0,1,63
4246,0,0,1,68
4247,0,0,1,69
4248,1,0,0,56
4249,1,0,1,10
4250,0,0,0,63
4251,1,0,1,24
4252,1,0,0,19
4253,0,0,1,22
4254,0,0,0,29
4255,0,0,0,13
4256,1,0,0,70
4257,1,0,0,49
4258,1,1,0,43
4259,1,0,0,3
4260,0,0,1,42
4261,0,0,0,57
4262,0,1,0,2
4263,1,0,0,72
4264,1,1,0,46
4265,0,1,0,66
4266,0,0,0,62
4267,1,0,0,72
4268,0,0,1,35
4269,0,0,0,17
4270,1,0,0,72
4271,1,0,1,28
4272,0,0,0,56
4273,1,0,0,31
4274,0,0,0,45
4275,1,0,0,1
4276,1,0,0,2
4277,1,0,0,6
4278,1,0,0,48
4279,0,0,1,25
4280,0,0,1,64
4281,0,0,0,50
4282,1,0,1,52
4283,0,1,0,4
4284,1,1,0,32
4285,0,0,1,45
4286,0,0,0,9
4287,1,1,0,66
4288,0,0,1,3
4289,1,0,0,54
4290,1,0,1,1
4291,1,0,1,64
4292,1,1,0,31
4293,1,0,0,14
4294,1,0,0,12
4295,0,1,0,67
4296,1,0,1,35
4297,1,0,0,45
4298,0,0,0,10
4299,1,1,0,29
4300,1,0,0,24
4301,0,0,1,66
4302,0,0,0,51
4303,1,0,0,45
4304,1,0,0,49
4305,1,0,0,29
4306,0,0,1,40
4307,1,1,0,37
4308,0,0,0,25
4309,1,0,0,22
4310,0,0,0,72
4311,1,0,0,7
4312,0,0,1,33
4313,1,0,0,23
4314,0,1,0,24
4315,1,0,0,1
4316,0,0,0,69
4317,1,0,1,3
4318,0,0,0,56
4319,0,0,0,65
4320,0,0,0,71
4321,1,1,0,14
4322,1,0,0,2
4323,1,0,0,32
4324,0,0,0,40
4325,0,0,0,1
4326,0,0,0,1
4327,1,0,0,7
4328,1,0,0,15
4329,1,0,1,17
4330,0,0,0,19
4331,0,0,0,71
4332,1,0,1,54
4333,0,0,0,31
4334,1,0,0,11
4335,1,1,0,18
4336,1,1,0,72
4337,1,1,0,71
4338,0,1,0,5
4339,0,0,0,38
4340,0,0,1,5
4341,0,1,0,2
4342,1,1,0,52
4343,1,1,0,8
4344,1,0,0,68
4345,0,0,1,69
4346,1,0,0,42
4347,1,0,0,50
4348,1,0,0,1
4349,0,1,0,1
4350,0,0,0,33
4351,1,0,0,7
4352,0,0,1,64
4353,1,0,0,1
4354,0,0,0,59
4355,1,0,0,6
4356,1,0,0,3
4357,1,0,0,15
4358,0,0,1,13
4359,1,0,0,23
4360,0,1,0,31
4361,0,0,0,29
4362,1,0,0,49
4363,1,0,0,56
4364,1,0,0,63
4365,0,0,0,63
4366,0,1,1,24
4367,0,1,0,36
4368,1,1,0,9
4369,0,0,0,3
4370,1,0,0,21
4371,0,0,1,13
4372,0,0,1,1
4373,1,0,1,25
4374,0,0,1,71
4375,0,0,0,66
4376,1,0,0,45
4377,1,0,0,22
4378,1,0,0,67
4379,1,0,0,68
4380,1,0,1,0
4381,1,1,0,49
4382,1,1,0,4
4383,0,0,0,63
4384,1,0,0,2
4385,0,0,0,21
4386,0,0,1,55
4387,0,0,1,1
4388,1,0,0,17
4389,0,0,0,30
4390,0,0,1,22
4391,1,0,0,9
4392,0,0,1,1
4393,1,0,0,21
4394,0,0,0,19
4395,1,0,1,69
4396,0,1,0,1
4397,1,0,0,72
4398,0,0,1,70
4399,1,0,0,66
4400,1,0,1,7
4401,1,1,1,46
4402,0,0,0,39
4403,1,0,1,32
4404,0,0,0,24
4405,0,0,1,6
4406,1,0,0,37
4407,0,0,1,8
4408,1,0,1,72
4409,0,1,0,71
4410,1,0,0,16
4411,1,0,0,57
4412,0,0,0,66
4413,1,1,0,17
4414,1,0,1,21
4415,0,0,0,66
4416,1,0,0,17
4417,0,0,1,1
4418,0,0,0,58
4419,1,0,1,8
4420,0,0,0,27
4421,0,0,0,34
4422,0,0,0,30
4423,0,0,0,33
4424,0,0,1,1
4425,0,0,1,14
4426,1,0,1,16
4427,1,0,0,49
4428,0,0,1,19
4429,1,0,1,70
4430,1,0,1,32
4431,1,0,0,18
4432,0,0,0,37
4433,1,0,0,4
4434,1,0,0,16
4435,0,0,0,17
4436,1,0,1,19
4437,0,0,0,60
4438,0,0,1,51
4439,0,0,1,28
4440,0,0,0,43
4441,0,0,0,42
4442,0,0,0,3
4443,1,0,0,1
4444,1,0,0,3
4445,1,0,0,63
4446,0,1,0,3
4447,0,0,0,68
4448,1,1,0,30
4449,1,0,0,60
4450,0,0,0,15
4451,0,1,0,45
4452,1,0,0,70
4453,0,0,0,10
4454,0,0,0,4
4455,1,0,0,1
4456,1,0,0,68
4457,0,0,1,22
4458,0,0,1,38
4459,1,0,0,1
4460,0,0,0,18
4461,0,0,0,29
4462,1,0,0,16
4463,0,0,0,1
4464,0,0,0,12
4465,0,0,0,31
4466,0,0,0,4
4467,1,0,0,48
4468,1,0,0,15
4469,0,0,0,50
4470,0,0,0,7
4471,0,1,0,41
4472,0,0,1,68
4473,1,1,0,26
4474,0,0,0,57
4475,1,0,0,3
4476,1,0,0,1
4477,0,0,1,19
4478,1,0,0,3
4479,1,0,0,59
4480,1,0,0,1
4481,0,0,0,42
4482,1,0,0,7
4483,0,0,0,67
4484,0,0,0,1
4485,0,0,0,66
4486,1,0,0,61
4487,0,0,1,4
4488,1,1,0,42
4489,1,0,1,64
4490,1,1,0,54
4491,0,0,0,1
4492,0,0,1,54
4493,1,0,1,18
4494,0,0,0,3
4495,1,0,0,1
4496,1,0,1,72
4497,0,1,0,60
4498,1,0,1,11
4499,1,0,1,12
4500,0,0,1,61
4501,1,0,0,39
4502,0,0,0,55
4503,1,0,0,17
4504,0,0,0,37
4505,1,0,0,72
4506,0,1,0,72
4507,1,0,0,8
4508,1,0,1,22
4509,1,0,0,1
4510,1,0,0,38
4511,0,0,1,17
4512,1,1,0,70
4513,1,1,1,72
4514,1,0,0,28
4515,1,0,0,15
4516,0,0,1,72
4517,1,1,0,11
4518,0,1,0,8
4519,1,0,0,57
4520,0,0,1,1
4521,1,0,0,46
4522,0,0,0,30
4523,0,1,0,10
4524,0,0,0,23
4525,0,0,0,32
4526,0,0,0,13
4527,1,0,0,39
4528,1,0,0,44
4529,0,1,0,9
4530,1,0,0,67
4531,0,0,1,9
4532,1,0,0,15
4533,1,0,0,71
4534,0,0,0,1
4535,1,0,1,30
4536,0,0,0,1
4537,0,0,0,17
4538,1,0,0,3
4539,0,0,1,67
4540,0,0,0,1
4541,1,1,0,1
4542,1,1,0,32
4543,0,0,1,41
4544,0,0,0,1
4545,1,0,0,1
4546,1,0,1,12
4547,0,0,1,62
4548,1,0,0,22
4549,1,0,1,17
4550,1,0,1,72
4551,0,0,1,56
4552,1,0,0,9
4553,0,0,0,72
4554,0,0,0,20
4555,0,0,1,19
4556,0,0,0,2
4557,0,0,0,53
4558,1,1,0,27
4559,0,0,0,6
4560,0,0,1,9
4561,1,0,1,8
4562,1,0,1,71
4563,1,0,0,10
4564,0,0,0,1
4565,1,0,0,71
4566,0,0,0,68
4567,0,0,0,34
4568,0,0,0,26
4569,1,0,0,22
4570,0,0,0,7
4571,1,0,0,20
4572,1,0,0,60
4573,0,0,1,72
4574,1,1,0,72
4575,0,0,0,4
4576,0,0,1,16
4577,1,1,0,62
4578,1,0,0,10
4579,0,0,0,31
4580,1,0,0,71
4581,0,0,0,58
4582,0,0,1,70
4583,1,0,0,71
4584,0,1,0,69
4585,1,1,0,1
4586,1,0,1,72
4587,1,0,0,26
4588,1,0,0,33
4589,1,0,1,10
4590,1,1,0,57
4591,1,0,0,10
4592,1,0,1,39
4593,1,0,0,11
4594,1,0,1,21
4595,1,0,1,68
4596,0,0,0,18
4597,1,0,0,6
4598,0,0,0,18
4599,1,0,1,52
4600,0,0,1,56
4601,0,0,0,45
4602,1,0,0,67
4603,0,0,0,3
4604,0,1,0,65
4605,0,0,0,63
4606,1,0,1,11
4607,0,0,1,1
4608,0,0,0,55
4609,0,0,1,25
4610,0,0,0,72
4611,1,0,0,72
4612,1,0,1,65
4613,1,1,0,54
4614,0,0,1,7
4615,1,0,0,72
4616,0,0,0,21
4617,1,0,0,2
4618,0,1,0,4
4619,0,0,0,3
4620,0,0,0,72
4621,1,0,0,6
4622,0,0,0,52
4623,0,1,0,69
4624,0,0,0,8
4625,1,1,0,8
4626,1,1,0,63
4627,0,0,0,60
4628,1,0,0,12
4629,1,0,0,13
4630,0,0,0,22
4631,0,0,0,5
4632,1,0,1,1
4633,1,0,1,72
4634,1,0,0,2
4635,1,0,1,40
4636,0,0,1,44
4637,0,1,0,71
4638,1,0,0,2
4639,0,1,0,26
4640,0,0,1,1
4641,1,0,0,1
4642,0,0,1,65
4643,0,0,0,3
4644,0,0,0,13
4645,1,0,0,33
4646,1,0,0,1
4647,0,0,1,4
4648,0,0,0,2
4649,0,0,0,72
4650,1,0,1,37
4651,1,0,0,15
4652,1,0,0,23
4653,1,0,1,30
4654,1,0,1,42
4655,1,0,0,32
4656,1,0,1,22
4657,0,0,0,42
4658,1,0,0,8
4659,1,0,1,65
4660,1,0,0,2
4661,1,0,1,70
4662,0,0,1,22
4663,1,1,0,4
4664,1,0,0,2
4665,1,0,1,67
4666,1,0,0,25
4667,1,0,0,20
4668,1,0,1,2
4669,0,0,0,51
4670,1,0,1,46
4671,1,0,0,25
4672,0,0,1,13
4673,1,1,0,25
4674,0,0,1,26
4675,0,0,0,43
4676,0,0,1,19
4677,0,0,0,10
4678,1,0,1,2
4679,1,0,0,72
4680,0,1,0,18
4681,0,1,0,9
4682,1,1,0,27
4683,0,0,0,24
4684,0,0,0,69
4685,1,0,0,46
4686,1,1,0,72
4687,0,0,0,22
4688,1,1,0,70
4689,1,0,0,2
4690,0,0,0,31
4691,1,1,0,56
4692,1,0,1,16
4693,0,0,1,52
4694,0,0,1,13
4695,1,0,0,35
4696,1,0,0,59
4697,0,0,0,72
4698,1,1,0,66
4699,1,0,0,49
4700,1,0,0,2
4701,0,1,0,21
4702,0,1,0,54
4703,0,1,0,24
4704,0,0,0,1
4705,0,0,0,6
4706,1,0,0,1
4707,0,0,1,49
4708,1,0,1,56
4709,1,1,0,56
4710,1,0,1,6
4711,0,0,0,32
4712,0,0,1,50
4713,0,0,1,58
4714,1,0,1,65
4715,1,0,0,64
4716,1,0,0,66
4717,0,0,0,38
4718,1,0,0,20
4719,0,0,0,36
4720,0,1,0,64
4721,0,0,0,1
4722,1,0,0,60
4723,0,0,0,1
4724,1,0,1,50
4725,0,0,0,1
4726,1,0,0,72
4727,0,0,0,60
4728,0,0,0,46
4729,1,0,1,69
4730,0,1,0,31
4731,0,0,1,19
4732,1,0,1,71
4733,0,0,0,12
4734,0,0,1,39
4735,0,0,0,44
4736,1,0,1,56
4737,1,0,0,72
4738,0,0,0,5
4739,1,0,0,11
4740,0,1,0,24
4741,1,1,0,15
4742,0,0,0,72
4743,0,0,0,56
4744,0,1,0,64
4745,1,0,0,34
4746,0,0,0,2
4747,0,0,0,35
4748,0,0,0,22
4749,0,0,0,5
4750,0,0,0,9
4751,0,0,0,11
4752,0,0,0,23
4753,1,0,1,4
4754,0,0,0,68
4755,0,0,0,33
4756,0,0,0,31
4757,0,0,0,1
4758,1,0,0,56
4759,0,0,0,1
4760,0,0,1,66
4761,0,0,1,72
4762,0,1,0,34
4763,1,0,1,58
4764,0,0,0,2
4765,0,0,0,37
4766,1,0,0,71
4767,0,0,1,1
4768,0,1,1,71
4769,0,0,1,35
4770,1,0,1,6
4771,1,0,0,3
4772,1,0,1,69
4773,0,0,0,44
4774,1,0,0,53
4775,1,0,0,24
4776,1,0,0,5
4777,1,0,1,2
4778,0,0,1,62
4779,1,0,0,19
4780,0,0,0,9
4781,0,0,0,53
4782,0,0,0,5
4783,1,1,1,71
4784,1,0,0,1
4785,0,0,0,18
4786,0,0,0,72
4787,1,0,0,4
4788,0,0,0,59
4789,1,0,0,1
4790,1,1,0,31
4791,0,0,0,3
4792,1,1,0,65
4793,0,0,0,49
4794,0,0,0,2
4795,1,0,0,53
4796,1,0,0,55
4797,0,0,1,72
4798,1,1,0,36
4799,1,0,1,10
4800,0,1,0,1
4801,1,0,1,72
4802,1,0,0,28
4803,0,0,0,38
4804,1,0,0,61
4805,0,0,1,52
4806,0,0,0,67
4807,1,0,1,34
4808,1,0,0,54
4809,1,0,0,1
4810,1,1,0,15
4811,1,0,0,4
4812,1,0,0,9
4813,1,0,1,46
4814,1,0,0,22
4815,0,0,0,38
4816,1,0,1,55
4817,1,0,0,1
4818,0,1,0,64
4819,0,0,1,53
4820,1,0,0,58
4821,0,0,0,56
4822,0,0,1,72
4823,0,0,0,1
4824,0,1,0,72
4825,0,0,0,22
4826,1,1,0,8
4827,1,0,1,16
4828,1,0,0,39
4829,1,0,0,12
4830,0,0,0,54
4831,1,0,0,18
4832,0,0,0,32
4833,1,0,0,41
4834,0,0,1,67
4835,0,0,0,65
4836,1,0,0,25
4837,1,0,1,1
4838,1,0,0,67
4839,0,1,0,7
4840,1,1,0,43
4841,1,0,0,24
4842,0,1,0,9
4843,0,0,1,69
4844,1,0,1,37
4845,0,0,1,20
4846,0,0,0,7
4847,1,1,0,37
4848,1,0,0,5
4849,0,0,0,41
4850,1,0,0,54
4851,1,1,0,3
4852,0,1,0,69
4853,1,0,0,53
4854,0,0,1,18
4855,0,0,0,64
4856,1,0,1,31
4857,1,0,0,20
4858,0,0,1,57
4859,0,1,0,63
4860,0,0,1,13
4861,1,1,0,48
4862,1,0,0,2
4863,0,0,1,57
4864,0,0,0,71
4865,1,0,1,7
4866,1,0,0,16
4867,0,0,0,34
4868,1,0,0,37
4869,0,0,0,16
4870,0,0,1,48
4871,0,0,1,58
4872,1,0,0,72
4873,1,0,0,7
4874,1,0,0,38
4875,1,1,0,48
4876,0,0,0,10
4877,1,0,0,30
4878,0,0,0,31
4879,1,1,0,46
4880,0,0,0,50
4881,0,0,0,28
4882,1,0,0,66
4883,0,1,0,8
4884,1,0,1,41
4885,0,1,0,72
4886,1,0,0,7
4887,1,0,1,38
4888,0,0,0,44
4889,0,0,1,47
4890,0,0,1,53
4891,0,0,0,4
4892,0,1,0,20
4893,0,0,0,2
4894,0,1,0,57
4895,1,1,0,44
4896,0,0,0,24
4897,0,0,1,15
4898,1,0,0,3
4899,1,0,1,4
4900,0,1,0,37
4901,1,0,0,1
4902,1,0,0,24
4903,1,0,0,5
4904,1,0,0,33
4905,1,0,1,58
4906,1,0,1,72
4907,1,0,0,71
4908,1,1,0,28
4909,0,0,0,51
4910,1,0,0,30
4911,0,1,0,72
4912,0,1,0,36
4913,0,0,1,14
4914,1,0,1,72
4915,1,0,1,22
4916,1,0,0,2
4917,1,0,0,15
4918,0,0,1,51
4919,0,0,0,70
4920,1,0,1,71
4921,1,0,1,39
4922,1,0,1,61
4923,1,0,0,52
4924,1,0,0,1
4925,0,0,0,64
4926,0,0,0,62
4927,0,0,0,30
4928,1,1,1,4
4929,0,1,0,63
4930,1,0,0,1
4931,0,0,0,15
4932,0,0,1,27
4933,1,0,1,4
4934,1,0,0,72
4935,0,1,0,45
4936,1,1,0,45
4937,1,0,0,36
4938,0,0,1,17
4939,0,0,0,1
4940,0,1,0,16
4941,0,0,0,3
4942,0,0,1,4
4943,1,0,0,71
4944,0,0,1,10
4945,0,0,1,20
4946,0,0,0,4
4947,0,0,0,26
4948,1,0,0,4
4949,0,0,0,5
4950,1,0,0,4
4951,0,1,0,29
4952,0,0,0,2
4953,1,0,0,29
4954,0,0,1,1
4955,0,0,0,1
4956,1,1,0,8
4957,0,0,0,13
4958,1,0,0,59
4959,1,0,1,1
4960,0,1,0,50
4961,0,0,0,18
4962,1,0,1,17
4963,0,0,0,47
4964,1,0,0,26
4965,1,0,0,6
4966,0,0,1,19
4967,1,0,0,3
4968,1,1,1,68
4969,1,0,0,2
4970,0,0,0,7
4971,1,0,0,18
4972,1,0,0,71
4973,0,1,0,13
4974,0,0,0,3
4975,0,0,0,72
4976,0,0,1,66
4977,0,0,1,24
4978,1,0,0,1
4979,1,0,1,56
4980,1,1,0,22
4981,0,0,0,14
4982,1,1,0,61
4983,1,1,0,40
4984,1,0,0,42
4985,1,0,1,72
4986,1,0,0,12
4987,0,0,0,71
4988,1,0,0,26
4989,1,0,1,7
4990,1,0,1,6
4991,1,0,0,58
4992,0,0,0,51
4993,0,0,1,72
4994,1,0,0,18
4995,1,0,0,7
4996,1,0,0,47
4997,0,1,0,2
4998,0,1,0,62
4999,1,0,1,16
5000,0,0,0,6
5001,0,0,0,19
5002,1,0,1,69
5003,0,0,1,11
5004,1,0,0,64
5005,1,0,0,39
5006,1,0,0,15
5007,0,0,0,25
5008,1,0,0,6
5009,0,0,0,66
5010,1,0,0,61
5011,1,1,0,43
5012,1,0,0,12
5013,0,1,0,23
5014,0,1,0,71
5015,1,0,0,34
5016,1,0,0,5
5017,1,0,0,41
5018,1,0,1,72
5019,0,1,0,14
5020,1,0,0,41
5021,1,0,1,23
5022,0,0,1,71
5023,1,0,0,1
5024,0,0,0,72
5025,0,0,1,6
5026,0,0,1,23
5027,0,1,0,10
5028,1,0,0,72
5029,1,0,0,7
5030,0,0,1,6
5031,0,0,1,9
5032,1,0,0,12
5033,1,0,0,1
5034,1,1,1,48
5035,0,0,0,20
5036,1,1,0,16
5037,1,0,0,2
5038,1,0,0,10
5039,1,1,0,2
5040,0,0,1,20
5041,0,0,0,20
5042,0,0,1,19
5043,0,1,0,19
5044,0,0,0,22
5045,1,0,0,35
5046,1,0,0,1
5047,0,0,0,39
5048,1,1,0,54
5049,1,0,0,1
5050,0,0,0,66
5051,0,0,0,56
5052,0,0,1,18
5053,1,0,1,16
5054,1,0,0,68
5055,1,1,0,53
5056,1,0,1,72
5057,0,0,0,9
5058,1,0,0,30
5059,1,0,0,36
5060,1,0,0,18
5061,1,1,1,55
5062,1,0,0,39
5063,0,0,0,21
5064,0,0,0,2
5065,0,1,0,33
5066,0,0,0,44
5067,1,0,1,30
5068,1,0,0,71
5069,1,0,0,4
5070,0,0,1,35
5071,0,0,0,1
5072,0,1,0,23
5073,1,0,1,22
5074,1,0,1,49
5075,1,0,1,42
5076,1,0,1,33
5077,1,0,1,7
5078,1,0,1,67
5079,0,0,0,15
5080,0,0,0,67
5081,0,0,1,53
5082,0,0,1,21
5083,1,0,1,40
5084,1,0,1,22
5085,0,0,0,39
5086,0,0,0,45
5087,1,0,0,2
5088,1,0,1,57
5089,0,0,1,8
5090,0,1,0,7
5091,0,0,0,6
5092,1,0,1,7
5093,0,0,0,49
5094,1,0,0,65
5095,1,0,0,55
5096,0,0,1,71
5097,0,0,0,35
5098,0,1,0,3
5099,1,0,1,11
5100,1,0,0,1
5101,0,0,0,17
5102,1,0,0,72
5103,1,0,1,28
5104,1,0,0,18
5105,1,1,0,40
5106,1,0,0,52
5107,1,0,0,47
5108,1,0,0,23
5109,0,0,1,66
5110,1,0,0,8
5111,0,1,0,47
5112,1,0,0,7
5113,1,0,1,71
5114,1,1,0,50
5115,0,0,0,46
5116,0,0,0,1
5117,1,0,0,66
5118,1,0,0,42
5119,1,0,0,5
5120,0,0,1,7
5121,0,0,0,29
5122,1,0,1,27
5123,1,1,0,15
5124,1,0,1,25
5125,1,0,0,11
5126,0,0,0,57
5127,0,0,0,67
5128,1,1,0,47
5129,1,0,0,13
5130,0,0,0,8
5131,1,0,0,44
5132,0,0,1,71
5133,0,1,0,24
5134,0,1,0,15
5135,1,0,0,1
5136,0,1,0,2
5137,0,1,0,55
5138,0,1,0,71
5139,0,0,1,50
5140,0,0,0,1
5141,0,0,0,5
5142,1,0,0,66
5143,1,0,1,49
5144,1,1,0,3
5145,0,0,1,66
5146,0,0,1,11
5147,0,0,0,28
5148,0,0,0,65
5149,1,0,0,62
5150,1,0,0,2
5151,1,0,0,2
5152,1,0,1,55
5153,0,1,0,41
5154,1,0,1,17
5155,1,0,0,30
5156,0,0,0,17
5157,1,0,1,16
5158,0,0,0,72
5159,0,0,0,9
5160,1,0,0,1
5161,0,0,1,23
5162,0,0,1,8
5163,0,0,1,19
5164,1,0,0,7
5165,0,1,0,1
5166,0,0,0,61
5167,1,0,0,57
5168,0,0,0,9
5169,0,0,1,15
5170,1,0,0,1
5171,1,0,0,12
5172,0,0,0,54
5173,0,0,1,4
5174,1,0,0,7
5175,1,0,0,20
5176,1,0,1,26
5177,0,1,0,36
5178,1,0,0,53
5179,0,0,0,3
5180,1,0,0,68
5181,0,0,1,72
5182,0,0,0,12
5183,1,1,1,34
5184,1,0,0,68
5185,1,0,1,50
5186,1,1,0,1
5187,1,1,0,41
5188,0,1,0,30
5189,0,0,0,1
5190,0,1,1,29
5191,1,0,1,23
5192,0,0,1,60
5193,1,0,0,72
5194,0,0,1,22
5195,0,0,0,72
5196,1,1,0,66
5197,1,0,0,72
5198,1,1,0,47
5199,1,0,0,51
5200,1,0,1,70
5201,0,0,0,9
5202,0,0,1,59
5203,0,0,1,3
5204,0,1,0,38
5205,1,0,0,37
5206,0,0,0,37
5207,1,1,0,24
5208,1,0,1,14
5209,0,0,0,72
5210,0,0,0,53
5211,1,0,0,8
5212,0,0,1,72
5213,1,1,0,17
5214,1,0,1,2
5215,1,0,0,8
5216,1,0,0,48
5217,1,0,0,10
5218,0,0,1,0
5219,0,0,0,1
5220,1,0,0,29
5221,1,1,1,65
5222,1,0,0,8
5223,0,0,0,61
5224,1,1,0,45
5225,0,0,1,72
5226,0,0,1,12
5227,0,0,0,7
5228,0,0,0,9
5229,1,1,0,43
5230,0,0,1,58
5231,0,1,0,16
5232,0,0,1,2
5233,1,0,0,8
5234,1,0,0,40
5235,0,0,0,9
5236,0,0,0,41
5237,1,0,0,26
5238,1,0,0,33
5239,0,0,1,68
5240,1,1,0,65
5241,0,0,0,55
5242,0,0,0,20
5243,0,0,0,19
5244,1,0,0,45
5245,1,0,1,70
5246,1,0,0,2
5247,1,0,0,27
5248,1,0,0,12
5249,0,0,1,72
5250,0,0,0,12
5251,1,1,0,5
5252,0,1,0,71
5253,0,1,0,35
5254,0,0,1,70
5255,1,0,0,31
5256,0,0,1,52
5257,0,1,0,37
5258,0,0,0,69
5259,0,1,0,30
5260,1,0,0,33
5261,0,1,0,54
5262,1,0,0,59
5263,0,1,0,55
5264,0,1,0,69
5265,1,0,0,66
5266,0,0,1,37
5267,0,1,0,9
5268,0,0,1,69
5269,0,0,0,10
5270,0,0,1,40
5271,0,0,1,13
5272,1,0,0,6
5273,1,0,1,69
5274,1,1,0,66
5275,0,0,0,11
5276,0,0,1,46
5277,1,0,0,6
5278,1,0,1,56
5279,0,0,1,70
5280,1,0,1,33
5281,1,0,1,72
5282,1,0,0,3
5283,1,0,1,19
5284,1,1,0,5
5285,1,0,0,71
5286,0,0,0,8
5287,0,0,0,1
5288,1,0,0,1
5289,1,0,0,61
5290,1,0,1,71
5291,1,0,0,68
5292,0,0,0,46
5293,0,0,0,33
5294,1,0,1,53
5295,1,1,0,50
5296,1,0,0,57
5297,1,0,1,54
5298,1,1,0,60
5299,1,1,0,28
5300,1,0,1,1
5301,0,0,1,29
5302,1,0,1,10
5303,0,0,1,43
5304,0,1,0,13
5305,1,0,0,43
5306,0,0,1,19
5307,0,0,1,1
5308,1,0,0,69
5309,1,0,0,61
5310,0,0,0,43
5311,1,0,0,6
5312,0,0,0,1
5313,0,0,0,56
5314,1,0,0,70
5315,0,0,0,1
5316,0,0,1,49
5317,1,0,0,6
5318,1,0,1,32
5319,1,1,0,72
5320,0,0,1,37
5321,1,0,0,69
5322,1,0,0,26
5323,1,0,1,58
5324,0,0,0,24
5325,0,0,1,5
5326,0,0,1,15
5327,1,0,1,30
5328,1,0,0,55
5329,1,0,0,25
5330,0,1,0,10
5331,0,0,1,44
5332,1,0,0,47
5333,1,0,1,13
5334,1,0,1,49
5335,1,0,0,64
5336,0,0,0,1
5337,0,0,0,20
5338,1,0,0,37
5339,0,0,1,30
5340,1,0,0,38
5341,1,1,0,1
5342,1,0,0,37
5343,1,0,0,52
5344,0,0,1,71
5345,0,0,0,26
5346,0,0,0,66
5347,0,0,0,72
5348,0,0,1,25
5349,0,0,1,69
5350,0,0,1,53
5351,1,0,0,12
5352,0,0,0,26
5353,0,0,0,21
5354,1,0,1,1
5355,0,0,0,48
5356,1,0,0,26
5357,0,0,0,60
5358,0,0,0,18
5359,1,1,0,10
5360,0,0,1,5
5361,1,0,1,4
5362,0,0,1,65
5363,0,0,1,70
5364,0,0,0,18
5365,0,0,1,62
5366,1,0,1,66
5367,1,0,1,65
5368,1,1,0,3
5369,1,0,0,34
5370,0,0,1,16
5371,1,0,0,54
5372,1,1,0,50
5373,0,0,0,71
5374,1,0,0,10
5375,1,0,0,1
5376,0,0,0,18
5377,0,0,0,4
5378,1,0,1,58
5379,1,0,0,56
5380,0,0,0,2
5381,0,0,0,32
5382,0,0,1,56
5383,0,0,0,36
5384,1,0,0,4
5385,0,0,0,53
5386,0,0,0,10
5387,0,0,0,4
5388,0,0,1,1
5389,1,0,0,51
5390,0,1,0,12
5391,1,0,0,6
5392,0,0,1,63
5393,1,0,0,1
5394,1,0,0,48
5395,1,0,0,5
5396,1,0,1,35
5397,0,0,0,6
5398,0,0,0,2
5399,1,0,0,50
5400,1,0,0,33
5401,0,0,0,31
5402,1,0,1,9
5403,1,0,1,54
5404,1,0,0,46
5405,0,0,1,34
5406,0,0,1,71
5407,1,0,1,63
5408,1,0,0,51
5409,1,1,0,26
5410,1,0,0,64
5411,1,1,0,1
5412,0,1,0,61
5413,1,0,0,15
5414,0,0,0,64
5415,1,0,0,18
5416,1,0,1,57
5417,0,0,1,14
5418,0,1,0,18
5419,1,1,0,72
5420,0,0,0,70
5421,1,0,0,38
5422,0,0,1,68
5423,0,0,0,13
5424,0,1,0,65
5425,1,0,0,30
5426,0,0,0,51
5427,1,0,0,31
5428,1,0,0,9
5429,1,0,1,72
5430,0,0,0,10
5431,1,0,0,37
5432,1,0,0,2
5433,0,0,0,55
5434,0,0,1,33
5435,1,0,1,46
5436,1,0,1,1
5437,1,1,0,20
5438,0,0,0,9
5439,0,1,0,32
5440,1,0,1,19
5441,1,0,0,70
5442,1,0,1,61
5443,0,0,0,26
5444,0,0,0,45
5445,0,0,1,62
5446,0,0,0,1
5447,1,0,0,3
5448,1,0,1,41
5449,0,0,1,67
5450,0,0,0,1
5451,1,0,0,71
5452,1,0,1,37
5453,0,0,0,60
5454,1,1,0,1
5455,1,0,0,6
5456,1,0,0,13
5457,1,0,1,11
5458,0,0,0,7
5459,1,0,1,10
5460,0,0,0,34
5461,1,0,0,62
5462,0,0,0,64
5463,1,0,1,1
5464,0,0,0,25
5465,1,0,0,26
5466,0,0,1,10
5467,1,0,0,53
5468,1,0,0,7
5469,0,0,0,33
5470,1,1,0,71
5471,1,0,0,29
5472,0,0,1,24
5473,0,0,1,20
5474,1,0,0,1
5475,0,0,1,54
5476,1,1,0,5
5477,1,0,1,72
5478,0,0,0,52
5479,1,0,0,9
5480,1,0,0,1
5481,0,1,0,1
5482,0,0,1,33
5483,1,0,0,55
5484,0,0,1,69
5485,0,0,0,1
5486,0,0,0,54
5487,0,0,1,33
5488,0,1,0,45
5489,1,0,1,11
5490,0,0,0,6
5491,0,0,0,21
5492,1,0,1,65
5493,1,1,0,6
5494,1,0,0,8
5495,0,0,0,11
5496,0,0,1,43
5497,0,0,1,49
5498,1,1,0,1
5499,0,1,0,15
5500,0,0,1,60
5501,0,0,0,17
5502,0,1,0,16
5503,0,0,1,35
5504,0,1,0,44
5505,1,0,1,12
5506,0,0,0,1
5507,1,0,0,28
5508,0,0,0,70
5509,1,0,1,5
5510,0,0,0,18
5511,0,0,0,70
5512,1,0,1,9
5513,1,1,0,67
5514,1,0,0,1
5515,1,0,1,18
5516,0,0,0,4
5517,0,1,1,71
5518,0,0,1,30
5519,0,0,0,1
5520,1,0,0,55
5521,0,0,0,59
5522,1,0,0,1
5523,1,0,0,7
5524,0,0,1,45
5525,1,0,1,54
5526,0,0,1,51
5527,1,1,0,72
5528,0,0,0,44
5529,0,0,0,2
5530,1,0,0,66
5531,0,0,1,68
5532,1,0,0,31
5533,1,1,0,21
5534,0,0,1,21
5535,1,0,1,55
5536,0,0,0,9
5537,0,1,0,71
5538,1,0,0,1
5539,0,0,1,22
5540,1,0,1,1
5541,1,0,0,61
5542,1,0,0,67
5543,1,1,0,14
5544,0,0,0,59
5545,0,1,0,21
5546,0,0,0,4
5547,1,0,0,3
5548,0,0,0,70
5549,1,0,0,3
5550,0,1,0,21
5551,0,0,0,20
5552,0,0,1,22
5553,0,0,0,1
5554,1,0,0,63
5555,1,0,1,70
5556,0,0,0,13
5557,1,0,0,5
5558,1,0,1,72
5559,1,0,0,13
5560,0,0,0,61
5561,0,0,0,1
5562,1,1,0,56
5563,1,0,0,4
5564,0,0,0,35
5565,1,0,0,18
5566,0,0,0,72
5567,1,1,0,49
5568,1,0,0,44
5569,1,1,0,3
5570,1,0,1,37
5571,0,0,0,61
5572,0,0,0,70
5573,1,1,0,1
5574,1,0,0,41
5575,0,0,1,70
5576,1,0,0,1
5577,0,0,0,51
5578,1,0,1,42
5579,1,0,1,70
5580,0,0,0,48
5581,0,0,1,68
5582,1,0,0,48
5583,1,1,0,26
5584,0,0,0,11
5585,0,0,0,1
5586,1,0,0,27
5587,1,1,0,46
5588,0,0,0,1
5589,1,0,0,46
5590,0,0,1,25
5591,0,0,0,4
5592,0,0,0,13
5593,0,0,0,31
5594,1,0,1,23
5595,1,0,0,2
5596,1,0,0,65
5597,0,1,0,22
5598,1,0,1,55
5599,0,0,0,9
5600,0,0,1,7
5601,1,0,1,35
5602,0,0,0,6
5603,1,0,0,1
5604,0,0,0,17
5605,0,0,1,10
5606,0,0,1,15
5607,1,1,0,40
5608,1,0,1,13
5609,0,0,0,29
5610,1,0,0,3
5611,1,1,0,58
5612,1,0,0,45
5613,1,0,1,72
5614,0,0,1,68
5615,0,0,0,1
5616,1,0,1,38
5617,0,0,0,2
5618,0,0,0,11
5619,1,1,0,20
5620,0,0,0,72
5621,1,0,0,3
5622,0,0,0,23
5623,0,0,0,40
5624,0,1,0,62
5625,1,0,1,22
5626,1,0,0,11
5627,0,1,0,7
5628,1,0,0,13
5629,0,1,0,1
5630,1,0,0,39
5631,0,0,0,3
5632,0,0,0,58
5633,0,0,1,6
5634,1,0,1,1
5635,1,0,0,22
5636,0,0,0,14
5637,0,0,1,64
5638,0,0,0,1
5639,0,0,0,6
5640,0,0,0,1
5641,0,0,1,39
5642,1,0,0,20
5643,0,0,0,1
5644,0,0,0,1
5645,0,0,0,64
5646,0,0,1,1
5647,1,0,0,46
5648,1,1,1,28
5649,1,0,0,33
5650,0,0,1,39
5651,1,0,0,42
5652,1,0,0,1
5653,1,0,0,7
5654,0,1,0,70
5655,0,0,0,65
5656,0,0,0,1
5657,0,0,0,18
5658,0,0,0,24
5659,0,0,0,63
5660,1,0,1,44
5661,0,0,0,4
5662,1,0,0,1
5663,1,0,1,37
5664,1,1,0,10
5665,0,0,0,34
5666,0,0,0,35
5667,1,0,0,4
5668,1,1,0,39
5669,0,1,0,43
5670,1,0,1,17
5671,1,0,0,61
5672,1,0,0,49
5673,0,0,0,4
5674,1,0,1,64
5675,0,0,0,3
5676,0,0,1,1
5677,0,0,0,40
5678,1,0,1,1
5679,0,0,0,8
5680,1,1,0,1
5681,1,1,0,34
5682,1,0,0,1
5683,1,0,0,39
5684,1,1,0,58
5685,0,0,1,45
5686,0,1,0,6
5687,0,0,0,43
5688,0,0,1,41
5689,0,0,0,5
5690,0,0,0,72
5691,0,0,0,4
5692,0,0,1,9
5693,0,1,0,72
5694,1,0,0,33
5695,1,0,0,72
5696,0,0,0,22
5697,1,0,0,70
5698,0,0,1,21
5699,0,0,0,15
5700,0,1,0,29
5701,1,0,1,15
5702,0,1,1,71
5703,0,1,0,72
5704,1,0,0,19
5705,0,0,0,1
5706,1,0,0,1
5707,1,0,0,2
5708,1,1,1,11
5709,1,0,0,12
5710,1,0,0,70
5711,1,1,0,20
5712,1,0,0,23
5713,0,1,0,49
5714,1,0,1,4
5715,0,0,0,32
5716,0,0,1,2
5717,0,1,0,69
5718,0,0,0,6
5719,1,0,1,24
5720,1,0,0,32
5721,1,0,0,27
5722,1,1,0,27
5723,0,0,0,58
5724,0,0,0,1
5725,1,0,1,18
5726,1,0,1,47
5727,1,0,1,70
5728,1,0,0,13
5729,1,0,1,36
5730,0,0,0,67
5731,1,0,0,10
5732,0,1,0,19
5733,1,0,1,71
5734,0,0,1,72
5735,1,0,1,48
5736,0,0,0,1
5737,0,0,1,18
5738,0,0,0,1
5739,0,1,0,67
5740,0,0,1,69
5741,0,0,0,19
5742,0,1,0,72
5743,1,1,0,38
5744,0,1,0,40
5745,1,0,1,61
5746,1,0,0,10
5747,0,0,0,32
5748,1,0,0,21
5749,1,1,0,59
5750,1,1,0,13
5751,1,0,0,47
5752,0,0,1,69
5753,0,0,0,2
5754,1,0,1,22
5755,0,1,0,15
5756,1,0,0,53
5757,1,1,0,28
5758,0,0,0,22
5759,1,0,0,1
5760,0,1,0,16
5761,1,0,1,48
5762,0,1,0,30
5763,1,0,0,3
5764,0,1,0,57
5765,1,1,0,68
5766,1,0,0,23
5767,1,0,0,65
5768,0,0,0,44
5769,1,0,1,71
5770,1,0,0,37
5771,1,0,0,12
5772,0,0,1,69
5773,1,0,0,35
5774,0,0,0,5
5775,0,0,1,58
5776,0,0,0,72
5777,0,0,0,72
5778,1,0,0,1
5779,1,0,0,39
5780,0,0,1,53
5781,1,0,0,27
5782,1,1,0,1
5783,1,1,0,1
5784,1,0,0,18
5785,0,0,1,46
5786,1,0,0,72
5787,1,0,0,36
5788,1,0,0,4
5789,1,0,0,25
5790,1,0,1,40
5791,0,0,0,63
5792,1,1,0,15
5793,0,0,0,14
5794,0,1,0,72
5795,0,0,0,39
5796,1,0,1,47
5797,0,0,0,19
5798,1,0,0,5
5799,1,0,0,13
5800,1,0,0,17
5801,0,1,0,34
5802,1,0,0,42
5803,0,0,0,5
5804,1,0,1,71
5805,0,1,0,19
5806,1,0,1,2
5807,0,0,0,57
5808,0,0,0,72
5809,1,0,0,6
5810,1,0,1,17
5811,0,0,0,61
5812,0,0,1,1
5813,0,0,1,48
5814,0,0,0,16
5815,0,1,0,9
5816,1,0,0,3
5817,0,0,1,1
5818,0,0,0,65
5819,1,0,1,70
5820,0,0,0,60
5821,1,0,0,69
5822,1,1,0,35
5823,1,0,0,22
5824,0,0,1,66
5825,0,1,0,1
5826,1,0,0,1
5827,0,0,1,34
5828,1,0,1,72
5829,0,0,1,31
5830,0,0,1,30
5831,1,0,0,9
5832,0,0,1,20
5833,0,1,0,19
5834,1,0,0,65
5835,1,0,1,30
5836,0,0,0,6
5837,1,0,0,2
5838,0,0,1,53
5839,0,1,0,7
5840,1,0,1,61
5841,0,1,0,70
5842,1,0,0,13
5843,0,1,0,35
5844,1,0,0,2
5845,1,0,0,3
5846,1,0,0,3
5847,1,0,0,62
5848,0,0,1,72
5849,0,0,0,63
5850,0,1,0,20
5851,1,1,0,35
5852,0,1,0,21
5853,0,0,0,62
5854,1,0,0,15
5855,1,0,0,55
5856,1,0,0,11
5857,1,0,1,17
5858,1,0,0,61
5859,1,0,0,71
5860,1,0,0,2
5861,0,0,0,35
5862,1,0,0,17
5863,1,0,0,21
5864,1,0,0,47
5865,1,0,0,3
5866,0,0,0,3
5867,0,1,0,44
5868,1,0,0,1
5869,1,0,1,44
5870,0,0,1,5
5871,0,0,0,24
5872,1,0,1,1
5873,1,0,0,18
5874,1,0,0,10
5875,1,0,0,65
5876,1,1,0,1
5877,1,0,0,53
5878,0,0,0,3
5879,0,0,0,33
5880,0,0,0,3
5881,1,0,0,34
5882,1,0,1,14
5883,1,0,0,13
5884,0,1,0,46
5885,0,0,1,23
5886,1,0,1,47
5887,0,0,1,17
5888,1,0,1,49
5889,0,1,0,59
5890,1,0,0,69
5891,0,0,0,11
5892,0,0,0,10
5893,0,0,1,12
5894,0,0,0,45
5895,1,0,1,39
5896,0,1,0,71
5897,0,0,1,71
5898,1,0,1,33
5899,0,1,0,67
5900,0,0,1,37
5901,0,0,1,49
5902,1,0,0,9
5903,0,0,0,52
5904,1,0,0,70
5905,0,0,0,1
5906,1,1,0,14
5907,0,0,0,1
5908,0,0,0,1
5909,1,0,0,52
5910,0,0,0,6
5911,0,0,0,7
5912,1,1,0,47
5913,1,0,0,26
5914,0,0,1,25
5915,0,0,0,69
5916,1,0,0,72
5917,0,0,0,4
5918,0,0,1,59
5919,0,0,0,67
5920,1,1,0,26
5921,1,0,0,27
5922,0,0,1,72
5923,1,0,0,6
5924,0,0,1,62
5925,0,0,0,20
5926,0,0,0,6
5927,0,0,0,51
5928,1,0,1,61
5929,0,1,0,62
5930,1,0,0,72
5931,0,1,0,13
5932,0,0,0,5
5933,0,1,0,3
5934,1,1,0,26
5935,0,1,0,13
5936,1,0,1,38
5937,1,1,0,8
5938,0,1,1,34
5939,0,0,0,18
5940,0,0,1,56
5941,1,0,0,36
5942,1,0,0,9
5943,0,0,0,1
5944,0,0,0,12
5945,1,1,1,57
5946,1,0,0,42
5947,1,0,1,33
5948,0,0,0,70
5949,1,0,0,68
5950,0,0,1,1
5951,1,0,0,37
5952,1,0,1,4
5953,0,0,0,1
5954,0,0,0,20
5955,0,0,1,72
5956,1,0,0,31
5957,0,1,0,18
5958,0,0,0,11
5959,1,0,1,33
5960,1,1,0,62
5961,1,0,0,1
5962,0,0,0,16
5963,0,0,1,22
5964,1,0,1,49
5965,0,0,1,36
5966,0,0,0,42
5967,0,1,0,4
5968,1,0,0,12
5969,1,0,0,31
5970,0,0,0,5
5971,0,0,1,66
5972,1,1,0,15
5973,0,0,0,64
5974,0,0,1,10
5975,0,0,1,7
5976,0,0,0,29
5977,0,0,0,57
5978,1,0,0,46
5979,0,0,0,53
5980,1,0,0,17
5981,1,0,1,38
5982,0,0,0,15
5983,1,0,0,22
5984,0,0,0,14
5985,1,0,0,57
5986,0,1,0,11
5987,1,0,1,1
5988,0,0,1,12
5989,0,1,0,3
5990,0,0,1,36
5991,0,0,0,16
5992,0,0,1,65
5993,0,0,0,2
5994,1,0,0,42
5995,0,0,1,72
5996,0,0,0,62
5997,1,0,0,6
5998,0,0,0,48
5999,0,0,0,35
6000,0,0,1,52
6001,1,0,0,1
6002,0,0,0,6
6003,1,0,0,71
6004,1,0,1,67
6005,0,1,0,60
6006,0,0,1,23
6007,0,0,1,39
6008,0,0,1,15
6009,0,1,0,53
6010,0,0,1,24
6011,1,0,1,37
6012,1,0,1,5
6013,1,1,0,50
6014,1,0,0,54
6015,1,0,0,3
6016,0,0,0,68
6017,0,0,0,5
6018,0,0,0,33
6019,1,0,0,41
6020,1,0,1,34
6021,1,0,1,13
6022,1,0,0,20
6023,1,1,0,51
6024,1,0,0,3
6025,1,0,1,41
6026,1,0,0,13
6027,0,0,1,35
6028,0,0,0,12
6029,0,0,0,4
6030,1,0,0,43
6031,1,1,1,12
6032,0,1,0,68
6033,0,1,0,25
6034,1,0,0,7
6035,0,1,0,66
6036,1,0,0,53
6037,0,1,0,63
6038,1,0,1,70
6039,0,1,0,27
6040,1,0,0,1
6041,1,0,0,5
6042,1,1,0,37
6043,0,0,0,3
6044,1,0,1,12
6045,1,0,1,38
6046,1,0,0,9
6047,0,0,0,13
6048,0,1,0,29
6049,1,0,1,47
6050,0,0,0,61
6051,0,0,0,16
6052,1,0,1,41
6053,1,0,1,43
6054,1,0,1,36
6055,1,0,0,6
6056,1,0,0,58
6057,0,0,0,19
6058,0,0,0,11
6059,1,0,0,39
6060,1,1,0,8
6061,1,0,1,26
6062,1,1,0,53
6063,1,0,1,70
6064,0,0,0,1
6065,0,0,0,59
6066,0,0,0,2
6067,0,0,0,7
6068,1,0,1,12
6069,0,0,1,59
6070,0,0,1,61
6071,0,0,1,72
6072,1,0,1,13
6073,1,0,1,64
6074,0,0,0,1
6075,1,0,0,10
6076,1,0,1,65
6077,1,0,0,62
6078,1,0,0,55
6079,1,0,0,25
6080,0,0,0,1
6081,0,0,0,1
6082,1,0,0,59
6083,0,1,1,64
6084,0,0,0,36
6085,1,0,0,3
6086,0,0,0,61
6087,0,0,1,26
6088,1,0,0,1
6089,1,1,0,1
6090,0,0,1,68
6091,0,1,0,2
6092,1,0,0,72
6093,1,0,0,71
6094,0,0,0,57
6095,0,0,0,4
6096,1,1,0,1
6097,0,0,1,72
6098,0,0,1,21
6099,1,0,1,71
6100,1,1,0,29
6101,1,1,0,69
6102,1,0,0,64
6103,0,0,0,16
6104,1,0,0,4
6105,1,0,0,52
6106,0,0,0,2
6107,0,0,0,1
6108,0,0,0,18
6109,1,0,0,2
6110,1,0,0,19
6111,1,0,0,40
6112,1,1,1,66
6113,0,0,0,21
6114,0,0,0,8
6115,1,0,1,72
6116,1,0,0,48
6117,0,0,0,69
6118,0,0,0,72
6119,1,0,0,14
6120,0,0,0,6
6121,1,0,1,8
6122,1,0,0,17
6123,0,0,0,65
6124,1,0,1,57
6125,0,0,0,13
6126,0,1,0,19
6127,1,0,0,56
6128,1,0,0,14
6129,0,0,0,52
6130,1,0,0,58
6131,1,1,0,47
6132,1,0,0,67
6133,0,0,0,2
6134,0,1,0,6
6135,0,0,1,71
6136,1,0,1,46
6137,1,0,0,5
6138,0,1,0,67
6139,0,0,1,3
6140,1,0,0,3
6141,0,1,0,52
6142,1,0,0,42
6143,0,0,1,50
6144,0,1,0,23
6145,1,0,1,67
6146,1,0,0,25
6147,1,1,0,39
6148,1,0,0,69
6149,1,0,0,1
6150,0,0,0,32
6151,1,0,0,9
6152,1,0,0,16
6153,0,0,1,60
6154,1,0,1,72
6155,0,0,0,5
6156,1,1,0,26
6157,0,0,0,3
6158,0,0,0,2
6159,1,0,1,2
6160,1,0,0,36
6161,0,0,0,7
6162,1,1,0,60
6163,1,0,0,19
6164,0,1,0,45
6165,0,1,0,4
6166,1,0,1,31
6167,0,0,1,47
6168,0,0,0,1
6169,1,0,0,1
6170,1,0,0,1
6171,1,1,1,59
6172,0,0,0,10
6173,0,1,0,35
6174,0,0,0,4
6175,0,0,1,32
6176,0,0,0,43
6177,0,0,0,4
6178,1,1,0,54
6179,1,1,0,11
6180,1,1,0,66
6181,0,0,1,61
6182,0,0,1,72
6183,0,0,1,44
6184,0,0,0,41
6185,0,0,0,50
6186,0,0,0,47
6187,0,0,1,8
6188,0,0,0,18
6189,0,0,1,72
6190,0,0,0,1
6191,1,1,0,42
6192,1,1,0,18
6193,1,0,1,13
6194,1,0,1,68
6195,0,0,0,4
6196,0,0,0,69
6197,0,0,0,17
6198,0,0,1,25
6199,0,1,0,43
6200,1,0,1,59
6201,1,1,0,5
6202,0,0,1,21
6203,1,0,1,69
6204,0,0,0,13
6205,0,0,0,42
6206,0,0,0,52
6207,0,1,0,46
6208,0,0,0,61
6209,0,0,0,29
6210,1,0,1,25
6211,1,0,1,5
6212,0,0,0,15
6213,1,0,1,19
6214,0,0,0,44
6215,1,1,0,6
6216,0,0,1,58
6217,0,0,1,62
6218,1,0,1,70
6219,1,1,0,1
6220,0,0,1,10
6221,0,0,0,26
6222,0,0,0,66
6223,1,0,1,7
6224,0,0,1,51
6225,0,0,1,72
6226,0,0,0,65
6227,0,0,0,2
6228,0,0,1,70
6229,0,0,0,72
6230,1,0,1,1
6231,1,1,0,1
6232,1,0,0,5
6233,0,0,0,3
6234,0,0,0,58
6235,0,1,1,22
6236,0,1,0,33
6237,0,0,0,1
6238,0,1,0,54
6239,0,0,0,72
6240,0,0,1,1
6241,0,0,0,3
6242,1,0,1,72
6243,1,0,1,72
6244,0,1,0,54
6245,1,0,0,59
6246,0,0,0,54
6247,0,0,0,60
6248,1,0,0,60
6249,0,0,0,3
6250,1,0,0,69
6251,1,0,1,1
6252,0,0,1,50
6253,1,0,0,56
6254,1,0,0,60
6255,0,1,0,69
6256,1,0,0,1
6257,1,1,0,1
6258,1,0,0,3
6259,0,0,1,60
6260,1,0,0,13
6261,0,0,1,62
6262,1,0,0,45
6263,1,0,0,25
6264,0,0,0,44
6265,1,0,0,2
6266,0,1,0,33
6267,1,0,0,1
6268,1,0,0,22
6269,1,0,0,35
6270,1,0,1,29
6271,0,1,0,27
6272,0,0,1,54
6273,1,1,0,2
6274,0,0,0,57
6275,0,0,0,62
6276,1,0,1,15
6277,0,0,0,2
6278,1,0,0,70
6279,1,0,1,21
6280,1,0,1,23
6281,0,0,0,6
6282,0,0,1,4
6283,1,0,0,3
6284,1,0,0,23
6285,0,0,0,26
6286,1,0,1,8
6287,0,0,0,26
6288,0,0,0,2
6289,0,0,0,67
6290,1,0,0,71
6291,1,0,0,59
6292,0,0,1,39
6293,0,0,1,21
6294,0,0,0,1
6295,1,0,1,48
6296,1,1,0,31
6297,1,0,1,64
6298,0,0,1,46
6299,1,0,0,52
6300,1,0,1,67
6301,1,1,0,67
6302,1,0,0,5
6303,1,0,0,71
6304,1,0,0,9
6305,1,1,0,26
6306,0,0,0,71
6307,1,0,0,32
6308,1,0,0,2
6309,1,0,0,71
6310,1,0,0,60
6311,1,1,0,55
6312,0,0,0,54
6313,0,0,0,2
6314,1,0,0,6
6315,1,0,1,48
6316,0,0,1,63
6317,0,0,0,1
6318,0,0,1,12
6319,0,1,0,54
6320,1,0,1,30
6321,1,0,0,30
6322,1,0,0,4
6323,1,0,0,40
6324,1,0,1,9
6325,1,0,1,17
6326,1,0,0,62
6327,0,0,0,28
6328,1,0,0,70
6329,1,0,0,46
6330,1,0,0,23
6331,0,0,1,47
6332,0,0,1,68
6333,1,1,0,60
6334,1,0,1,67
6335,1,0,0,14
6336,0,0,1,57
6337,1,0,1,55
6338,0,0,0,1
6339,0,0,1,1
6340,0,0,0,23
6341,1,0,0,13
6342,0,0,0,47
6343,0,0,0,38
6344,1,1,0,38
6345,1,1,0,2
6346,0,1,1,1
6347,0,0,0,15
6348,1,0,0,26
6349,1,0,1,35
6350,0,0,1,3
6351,0,0,1,50
6352,0,0,0,42
6353,0,0,0,10
6354,1,0,0,61
6355,1,0,0,68
6356,0,0,0,10
6357,0,0,0,65
6358,1,0,1,72
6359,0,0,1,55
6360,1,0,0,1
6361,1,0,0,7
6362,1,0,0,2
6363,1,0,0,9
6364,0,0,1,27
6365,0,1,0,7
6366,1,0,0,64
6367,0,0,0,70
6368,0,1,0,2
6369,0,1,0,67
6370,1,0,0,45
6371,1,0,0,24
6372,0,0,1,4
6373,0,0,1,44
6374,1,0,1,72
6375,1,0,0,1
6376,0,0,0,66
6377,0,0,0,1
6378,0,0,1,13
6379,0,0,0,10
6380,0,1,0,65
6381,0,0,1,1
6382,0,0,1,38
6383,0,0,1,23
6384,1,0,0,10
6385,0,0,1,4
6386,0,0,1,72
6387,1,0,0,35
6388,1,0,0,1
6389,1,0,1,58
6390,0,0,1,70
6391,0,0,1,38
6392,1,0,1,60
6393,0,0,0,26
6394,1,0,0,8
6395,0,0,1,41
6396,1,1,0,36
6397,0,1,0,54
6398,0,0,1,71
6399,1,0,0,55
6400,1,0,0,72
6401,1,0,1,3
6402,1,0,1,54
6403,0,0,1,72
6404,0,0,0,52
6405,1,1,0,60
6406,1,0,0,39
6407,1,0,0,15
6408,0,0,0,69
6409,0,0,1,43
6410,1,1,0,63
6411,0,1,0,2
6412,1,0,1,72
6413,1,0,1,32
6414,0,0,1,40
6415,1,0,0,58
6416,0,0,0,67
6417,1,1,0,51
6418,0,0,0,31
6419,0,1,0,69
6420,0,0,0,32
6421,1,0,0,21
6422,0,0,0,52
6423,1,0,1,72
6424,1,0,0,72
6425,0,0,1,52
6426,1,0,0,41
6427,0,0,0,41
6428,1,0,0,6
6429,0,0,1,67
6430,1,0,1,16
6431,0,0,0,17
6432,0,0,0,35
6433,1,0,1,58
6434,0,0,0,1
6435,0,0,1,52
6436,1,0,0,70
6437,1,0,1,19
6438,0,1,0,1
6439,1,0,1,35
6440,1,0,0,32
6441,1,0,1,17
6442,1,0,1,67
6443,1,0,0,9
6444,0,0,1,31
6445,0,0,0,4
6446,0,1,1,58
6447,0,0,0,60
6448,0,0,0,58
6449,0,0,0,1
6450,1,0,1,27
6451,0,1,1,66
6452,0,0,0,15
6453,0,1,0,47
6454,1,0,0,41
6455,0,0,0,59
6456,1,0,1,50
6457,0,0,1,17
6458,0,0,1,6
6459,0,1,0,51
6460,0,0,0,44
6461,0,0,0,49
6462,0,0,0,2
6463,0,0,0,59
6464,0,1,0,50
6465,1,0,1,59
6466,0,0,0,18
6467,0,0,0,10
6468,0,0,0,14
6469,0,0,0,35
6470,0,0,1,8
6471,0,0,1,18
6472,1,0,1,60
6473,1,0,0,1
6474,1,0,0,6
6475,1,0,1,19
6476,0,0,1,53
6477,0,1,0,72
6478,1,0,0,60
6479,1,0,0,1
6480,1,0,1,13
6481,1,0,1,5
6482,0,0,0,1
6483,0,0,1,13
6484,0,0,0,37
6485,0,0,0,64
6486,1,0,0,5
6487,1,0,0,61
6488,1,0,0,1
6489,0,0,0,1
6490,0,0,0,26
6491,1,0,0,1
6492,0,0,0,24
6493,0,0,0,17
6494,1,0,1,26
6495,0,0,0,1
6496,0,1,0,40
6497,0,0,0,52
6498,1,0,0,1
6499,0,0,0,1
6500,1,0,0,21
6501,1,0,0,67
6502,1,0,1,44
6503,0,0,1,70
6504,0,0,0,3
6505,0,0,1,56
6506,1,0,0,13
6507,1,0,1,58
6508,1,0,1,42
6509,0,1,0,1
6510,1,0,1,46
6511,1,0,1,63
6512,0,0,0,11
6513,0,0,1,15
6514,0,0,0,72
6515,1,0,0,29
6516,0,0,1,1
6517,1,0,1,6
6518,0,0,0,1
6519,0,0,1,63
6520,0,0,0,2
6521,1,0,1,18
6522,1,0,0,43
6523,1,0,0,15
6524,0,0,1,10
6525,0,0,1,55
6526,0,0,1,49
6527,0,0,1,6
6528,0,0,1,70
6529,0,1,0,2
6530,0,1,0,63
6531,1,0,0,25
6532,1,1,0,18
6533,0,1,0,28
6534,1,1,0,53
6535,0,0,0,35
6536,0,0,0,1
6537,0,0,0,70
6538,0,0,0,2
6539,1,0,0,26
6540,1,0,0,34
6541,1,0,1,19
6542,0,0,0,15
6543,1,0,1,62
6544,1,1,0,42
6545,1,0,0,9
6546,0,0,0,24
6547,0,1,0,68
6548,0,0,1,31
6549,1,0,0,1
6550,0,0,0,21
6551,1,0,0,63
6552,1,1,0,2
6553,1,0,1,61
6554,1,0,0,1
6555,0,0,0,18
6556,1,0,1,6
6557,1,0,0,33
6558,0,0,0,16
6559,1,0,0,56
6560,0,0,1,23
6561,0,0,0,9
6562,1,1,0,14
6563,0,0,1,15
6564,0,0,0,5
6565,0,0,0,61
6566,0,0,1,70
6567,0,0,0,15
6568,0,0,1,8
6569,1,0,1,8
6570,1,0,0,4
6571,1,0,0,34
6572,0,0,0,68
6573,1,0,1,45
6574,1,1,0,9
6575,1,0,0,22
6576,1,0,0,2
6577,0,0,0,70
6578,1,0,1,10
6579,0,0,0,72
6580,1,0,1,49
6581,1,1,0,54
6582,1,0,0,71
6583,1,0,0,22
6584,1,0,1,50
6585,1,0,1,43
6586,1,0,1,45
6587,0,1,0,64
6588,1,0,1,23
6589,1,0,0,68
6590,1,0,0,1
6591,0,0,0,2
6592,0,0,0,26
6593,0,0,0,55
6594,0,0,0,14
6595,0,0,0,71
6596,0,0,0,64
6597,1,0,0,7
6598,1,0,0,57
6599,1,0,0,13
6600,1,0,1,3
6601,0,1,0,72
6602,1,0,1,40
6603,0,0,0,14
6604,0,0,1,2
6605,0,1,0,66
6606,1,0,0,38
6607,0,0,1,1
6608,0,0,0,22
6609,0,0,0,1
6610,0,0,0,5
6611,0,0,1,29
6612,0,0,1,1
6613,1,0,0,3
6614,0,0,1,71
6615,0,0,1,9
6616,0,0,0,43
6617,1,0,0,48
6618,0,0,0,26
6619,1,0,0,9
6620,0,0,0,1
6621,1,0,1,46
6622,0,0,0,2
6623,0,1,0,1
6624,0,0,1,64
6625,1,1,0,12
6626,0,1,0,6
6627,1,0,0,59
6628,1,0,0,7
6629,1,1,0,72
6630,0,1,0,16
6631,0,0,0,25
6632,1,0,0,34
6633,1,0,0,1
6634,1,0,1,10
6635,0,0,0,24
6636,1,0,1,10
6637,0,0,0,69
6638,0,0,0,57
6639,0,0,1,50
6640,0,0,1,28
6641,1,0,0,16
6642,0,0,0,25
6643,1,1,0,3
6644,0,0,0,61
6645,1,0,0,2
6646,0,0,1,51
6647,1,0,1,71
6648,1,0,1,20
6649,0,0,1,6
6650,1,0,0,6
6651,1,0,0,29
6652,0,0,0,36
6653,1,0,0,28
6654,1,0,0,7
6655,1,0,0,63
6656,0,0,1,48
6657,1,0,0,49
6658,0,1,0,27
6659,0,0,0,72
6660,0,0,0,1
6661,1,0,1,72
6662,1,0,0,47
6663,1,0,0,1
6664,1,0,0,36
6665,0,0,1,43
6666,1,1,0,27
6667,1,0,0,9
6668,1,0,0,38
6669,1,1,0,35
6670,1,0,1,0
6671,1,0,0,59
6672,0,0,0,27
6673,1,1,0,2
6674,0,0,0,7
6675,1,0,0,36
6676,1,0,1,41
6677,1,0,0,13
6678,0,0,1,19
6679,1,0,0,60
6680,1,0,1,48
6681,0,1,0,3
6682,0,0,0,69
6683,0,0,0,43
6684,1,0,1,11
6685,1,0,0,45
6686,0,0,0,72
6687,1,1,0,2
6688,1,0,1,12
6689,1,0,1,67
6690,0,0,0,37
6691,1,0,0,39
6692,1,0,0,41
6693,1,0,0,25
6694,0,0,1,8
6695,1,0,1,71
6696,0,0,0,5
6697,1,0,0,30
6698,0,0,0,40
6699,1,0,0,54
6700,0,0,0,72
6701,0,0,1,28
6702,0,0,1,18
6703,1,0,0,2
6704,1,0,1,59
6705,0,0,1,22
6706,1,0,0,1
6707,1,1,0,72
6708,1,1,0,14
6709,0,0,0,50
6710,1,0,1,48
6711,1,0,1,49
6712,0,0,1,28
6713,0,1,0,68
6714,0,0,0,13
6715,1,0,0,11
6716,1,0,0,3
6717,0,1,0,57
6718,0,0,0,3
6719,0,0,0,72
6720,0,0,1,70
6721,1,0,1,49
6722,1,1,0,67
6723,0,0,0,46
6724,1,1,0,64
6725,1,0,0,37
6726,1,1,0,2
6727,1,1,0,13
6728,1,0,0,72
6729,0,0,1,68
6730,0,0,1,15
6731,1,0,0,24
6732,1,0,0,24
6733,0,0,0,27
6734,0,0,0,12
6735,1,0,1,71
6736,0,0,1,67
6737,1,0,0,63
6738,0,0,0,1
6739,0,0,0,4
6740,1,1,0,40
6741,1,0,0,12
6742,0,0,1,52
6743,0,0,0,10
6744,0,0,0,68
6745,1,0,0,54
6746,1,0,1,4
6747,1,0,0,52
6748,1,1,0,1
6749,0,0,0,70
6750,0,0,0,43
6751,0,0,0,52
6752,1,0,0,12
6753,1,0,1,56
6754,0,0,1,0
6755,0,0,0,42
6756,0,1,0,22
6757,0,0,1,51
6758,0,0,0,27
6759,0,1,0,51
6760,0,0,1,4
6761,0,0,0,1
6762,0,0,0,35
6763,0,1,1,71
6764,1,0,0,1
6765,1,0,1,69
6766,0,0,1,14
6767,0,0,0,57
6768,1,0,1,72
6769,0,0,0,48
6770,1,0,1,4
6771,0,0,1,31
6772,0,0,0,38
6773,0,1,0,37
6774,1,0,0,1
6775,0,1,0,57
6776,1,1,0,62
6777,0,0,0,3
6778,1,0,1,72
6779,0,0,1,29
6780,0,0,1,13
6781,0,0,1,3
6782,1,0,0,11
6783,1,0,1,21
6784,1,0,0,19
6785,0,0,0,61
6786,1,0,0,11
6787,0,0,1,35
6788,0,0,1,25
6789,1,0,0,1
6790,1,0,0,67
6791,0,0,0,19
6792,0,0,0,56
6793,0,0,1,72
6794,0,0,0,43
6795,1,0,1,55
6796,0,0,1,2
6797,0,0,0,27
6798,1,0,0,13
6799,1,0,0,70
6800,1,0,0,14
6801,1,0,1,19
6802,1,0,0,20
6803,0,0,1,43
6804,0,0,1,5
6805,1,1,0,70
6806,1,0,0,40
6807,0,0,1,6
6808,0,0,0,39
6809,0,1,0,4
6810,0,0,0,15
6811,0,0,0,1
6812,1,1,0,45
6813,1,0,0,64
6814,1,1,0,57
6815,0,0,1,72
6816,0,0,0,1
6817,0,0,0,72
6818,1,0,0,3
6819,0,1,0,55
6820,1,0,0,59
6821,1,0,0,18
6822,0,1,0,32
6823,1,0,0,4
6824,1,1,0,66
6825,0,0,0,27
6826,0,0,0,4
6827,0,0,1,60
6828,1,0,1,8
6829,0,0,1,8
6830,0,0,0,35
6831,0,0,0,7
6832,1,0,1,53
6833,1,1,0,18
6834,1,0,0,15
6835,0,0,0,67
6836,0,1,0,6
6837,0,1,0,6
6838,0,0,0,13
6839,1,0,0,11
6840,0,0,1,1
6841,0,0,0,5
6842,0,0,0,13
6843,1,0,0,9
6844,0,0,0,29
6845,0,1,0,1
6846,1,0,0,1
6847,1,0,1,18
6848,1,0,0,2
6849,0,0,1,30
6850,0,0,1,66
6851,0,0,1,38
6852,0,0,1,44
6853,1,0,0,54
6854,0,0,0,2
6855,1,0,0,42
6856,1,0,1,58
6857,0,0,1,58
6858,1,0,1,25
6859,1,0,0,71
6860,1,0,0,37
6861,1,0,1,14
6862,1,1,0,4
6863,1,0,0,48
6864,1,1,0,3
6865,1,0,0,8
6866,0,0,0,1
6867,0,0,0,67
6868,0,0,0,13
6869,1,0,1,45
6870,0,0,0,49
6871,1,0,0,52
6872,1,0,0,63
6873,1,0,1,68
6874,1,0,0,31
6875,1,0,0,64
6876,1,0,0,62
6877,1,0,0,1
6878,1,0,0,6
6879,1,0,0,21
6880,1,0,1,72
6881,1,0,1,32
6882,1,1,0,71
6883,1,0,1,34
6884,0,0,0,3
6885,0,0,1,12
6886,1,1,0,8
6887,1,0,1,35
6888,1,0,1,3
6889,0,0,0,3
6890,0,0,0,53
6891,1,0,0,4
6892,1,0,1,48
6893,1,0,1,6
6894,0,1,0,3
6895,0,0,1,54
6896,1,0,0,1
6897,0,0,0,62
6898,0,0,1,22
6899,0,0,0,1
6900,0,1,0,51
6901,1,0,0,30
6902,1,1,0,56
6903,0,0,0,35
6904,1,1,0,64
6905,0,0,1,30
6906,1,0,1,25
6907,1,0,0,41
6908,0,0,1,9
6909,1,0,0,1
6910,0,0,1,70
6911,1,0,1,57
6912,0,0,0,9
6913,1,0,1,69
6914,0,1,0,43
6915,1,0,0,72
6916,0,0,1,44
6917,1,0,0,72
6918,1,0,0,33
6919,0,0,0,54
6920,0,0,1,27
6921,0,0,0,54
6922,0,0,0,3
6923,1,0,0,53
6924,0,0,0,1
6925,0,0,0,15
6926,1,0,0,56
6927,0,0,1,5
6928,0,0,1,48
6929,1,0,1,25
6930,1,0,0,3
6931,0,0,0,58
6932,0,0,0,10
6933,0,0,0,1
6934,0,0,0,71
6935,1,0,1,65
6936,0,0,1,5
6937,1,0,0,28
6938,1,0,1,67
6939,0,0,0,35
6940,1,0,1,72
6941,1,0,1,61
6942,0,1,0,68
6943,1,0,1,1
6944,0,0,0,3
6945,0,0,1,70
6946,1,0,1,48
6947,0,0,1,68
6948,1,0,0,47
6949,0,0,1,32
6950,1,0,1,5
6951,0,0,0,49
6952,1,0,0,48
6953,1,1,0,13
6954,0,0,0,15
6955,1,0,0,12
6956,0,1,0,67
6957,0,0,0,9
6958,1,0,1,13
6959,1,0,0,38
6960,1,1,0,42
6961,1,0,0,24
6962,1,1,0,27
6963,0,0,1,9
6964,1,0,0,49
6965,1,1,0,61
6966,0,0,1,50
6967,0,1,0,25
6968,1,1,0,22
6969,0,0,0,1
6970,0,0,0,4
6971,1,1,0,18
6972,1,1,0,56
6973,1,1,0,53
6974,1,0,0,51
6975,1,0,1,24
6976,1,0,0,62
6977,0,0,0,24
6978,1,0,1,70
6979,0,0,1,1
6980,0,1,0,16
6981,1,0,0,8
6982,1,0,1,72
6983,1,0,0,23
6984,0,0,1,31
6985,0,0,1,37
6986,1,0,0,30
6987,1,1,0,35
6988,1,0,1,23
6989,1,0,1,20
6990,0,0,0,36
6991,1,0,0,8
6992,0,0,1,71
6993,1,1,0,50
6994,1,0,1,43
6995,0,0,1,57
6996,1,0,1,41
6997,1,0,0,27
6998,1,0,0,13
6999,0,0,0,3
7000,1,0,0,67
7001,0,0,0,3
7002,1,0,0,64
7003,0,0,0,26
7004,0,0,0,38
7005,0,0,0,23
7006,0,0,0,40
7007,0,1,0,72
7008,1,1,0,3
7009,0,0,0,23
7010,1,1,0,1
7011,1,0,0,4
7012,1,0,0,62
7013,1,0,0,40
7014,0,0,0,41
7015,0,1,0,34
7016,1,0,0,1
7017,1,0,0,51
7018,0,0,1,1
7019,1,0,0,39
7020,0,0,1,12
7021,0,0,0,12
7022,0,0,0,72
7023,1,1,0,63
7024,0,0,0,44
7025,1,0,0,18
7026,1,0,0,9
7027,0,0,0,13
7028,1,0,0,68
7029,1,1,0,6
7030,1,0,0,2
7031,0,1,0,55
7032,0,1,0,1
7033,0,0,0,38
7034,1,0,0,67
7035,0,0,0,19
7036,1,0,0,12
7037,1,0,0,72
7038,0,0,1,24
7039,1,0,1,72
7040,1,0,1,11
7041,0,1,0,4
7042,0,0,0,66
